NAME1,ADDRESS,TK,NAME,TITLE,TITLE_1, 
Άβδηρα,,,Άβδηρα,ΛΑ΄ Εφορεία Προϊστορικών και Κλασικών Αρχαιοτήτων,Πόλη, 
Αγ. Δονάτος ,Ζερβοχώρι,46200,Ζερβοχώρι,ΛΒ΄ Εφορεία Προϊστορικών και Κλασικών Αρχαιοτήτων,Οχύρωση, 
Αγία Ειρήνη Κέας,,,Κοινότητα Κορησίας,ΚΑ΄ Εφορεία Προϊστορικών και Κλασικών Αρχαιοτήτων,Ιερό, 
Αγία Ειρήνη Κέας,,,Κοινότητα Κορησίας,ΚΑ΄ Εφορεία Προϊστορικών και Κλασικών Αρχαιοτήτων,Πόλη, 
Αγία Ευθυμία,,,Δελφοί,Ι΄ Εφορεία Προϊστορικών και Κλασικών Αρχαιοτήτων,Οχύρωση, 
Αγία Τριάδα,,,Αγία Τριάδα,Ζ΄ Εφορεία Προϊστορικών και Κλασικών Αρχαιοτήτων,Νεκροταφείο, 
Αγία Τριάδα Μεγάρων (σημερινό Νέο Μελί),,,Μέγαρα,Γ΄ Εφορεία Προϊστορικών και Κλασικών Αρχαιοτήτων,Αμυντικοί, 
Άγιοι Σαράντα Άλιντα,"Άλιντα, Λέρος",85400,Λέρος,4η Εφορεία Βυζαντινών Αρχαιοτήτων,Μοναστηριακό Κέντρο, 
Άγιον Όρος,,,Άγιον Όρος,10η Εφορεία Βυζαντινών Αρχαιοτήτων,Μοναστηριακό Κέντρο, 
Άγιος Ονούφριος,,,Μεθώνη,26η Εφορεία Βυζαντινών Αρχαιοτήτων,Νεκροταφείο, 
Άγιος Παντελεήμονας Αμυνταίου - Μεταμόρφωση Σωτήρος,,53200,Αμύνταιο,ΚΘ΄ Εφορεία Προϊστορικών και Κλασικών Αρχαιοτήτων,Προϊστορικός οικισμός, 
Αγορά,,,Κέρκυρα,Η΄ Εφορεία Προϊστορικών και Κλασικών Αρχαιοτήτων,Αγορά, 
Αγορά - Λιμένας Κω,,85300,Κως,ΚΒ΄ Εφορεία Προϊστορικών και Κλασικών Αρχαιοτήτων,Οικιστικό σύνολο, 
Αγορά αρχαίας Ήλιδος,,,Ήλιδα,Ζ΄ Εφορεία Προϊστορικών και Κλασικών Αρχαιοτήτων,Αγορά, 
Αγορά αρχαίας Θάσου,,,Λιμένας Θάσου,ΙΗ΄ Εφορεία Προϊστορικών και Κλασικών Αρχαιοτήτων,Αγορά, 
Αγορά αρχαίας πόλης της Κέρκυρας,,,Κέρκυρα,Η΄ Εφορεία Προϊστορικών και Κλασικών Αρχαιοτήτων,Αγορά, 
Άζωρος,,,Άζωρος,7η Εφορεία Βυζαντινών Αρχαιοτήτων,Πόλη, 
Αιγές,,59031,Βεργίνα,ΙΖ΄ Εφορεία Προϊστορικών και Κλασικών Αρχαιοτήτων,Πόλη, 
Αίνεια,Αγγελοχώρι,57004,Νέα Μηχανιώνα,ΙΣΤ΄ Εφορεία Προϊστορικών και Κλασικών Αρχαιοτήτων,Νεκρόπολη, 
Ακαδημία Πλάτωνος,"Περιοχή Ακαδημία Πλάτωνος, Αθήνα (Νομός Αττικής)",,Αθήνα,Γ΄ Εφορεία Προϊστορικών και Κλασικών Αρχαιοτήτων,Εκπαιδευτικό κέντρο, 
Άκανθος,Ιερισσός,63075,Ιερισσός,ΙΣΤ΄ Εφορεία Προϊστορικών και Κλασικών Αρχαιοτήτων,Νεκροταφείο, 
Άκανθος,Ιερισσός,63075,Ιερισσός,ΙΣΤ΄ Εφορεία Προϊστορικών και Κλασικών Αρχαιοτήτων,Πόλη, 
Ακοβίτικα,ΚΑΛΑΜΑΤΑ,24100,Ακοβίτικα,ΛΗ΄ Εφορεία Προϊστορικών και Κλασικών Αρχαιοτήτων,Προϊστορικός οικισμός, 
Ακραίφνιον - Πτώον,,,Ακραίφνιο,Θ΄ Εφορεία Προϊστορικών και Κλασικών Αρχαιοτήτων,Πόλη, 
Ακρόπολη  Καστρίτσας,Καστρίτσα Ιωαννίνων,,Καστρίτσα,ΙΒ΄ Εφορεία Προϊστορικών και Κλασικών Αρχαιοτήτων,Οχυρωμένος οικισμός, 
Ακρόπολη Αθηνών,,,Αθήνα,Α' Εφορεία Προϊστορικών και Κλασικών Αρχαιοτήτων,Ιερό, 
Ακρόπολη Αθηνών,,,Αθήνα,Α' Εφορεία Προϊστορικών και Κλασικών Αρχαιοτήτων,Ακρόπολη, 
Ακρόπολη Αλιέων,,,Ερμιονίδα,Δ΄ Εφορεία Προϊστορικών και Κλασικών Αρχαιοτήτων,Ακρόπολη, 
Ακρόπολη Αρχαίων Σιφών,Αλυκή Ξηρονομής,,Αλυκή Ξηρονομής,Θ΄ Εφορεία Προϊστορικών και Κλασικών Αρχαιοτήτων,Ακρόπολη, 
Ακρόπολη Αρχαίων Σιφών,Αλυκή Ξηρονομής,,Αλυκή Ξηρονομής,Θ΄ Εφορεία Προϊστορικών και Κλασικών Αρχαιοτήτων,Ακρόπολη, 
Ακρόπολη Ερεσού,Σκάλα Ερεσού,,Σκάλα Ερεσού,Κ΄ Εφορεία Προϊστορικών και Κλασικών Αρχαιοτήτων,Ακρόπολη, 
Ακρόπολη Καβάλας,,,Καβάλα,12η Εφορεία Βυζαντινών Αρχαιοτήτων,Ακρόπολη, 
Ακρόπολη Καζάρμας,,21100,Αρκαδικό Ναυπλίας,Δ΄ Εφορεία Προϊστορικών και Κλασικών Αρχαιοτήτων,Ακρόπολη, 
Ακρόπολη Μεγάλου Γαρδικίου,Μεγάλο Γαρδίκι Ιωαννίνων,,Ιωάννινα,ΙΒ΄ Εφορεία Προϊστορικών και Κλασικών Αρχαιοτήτων,Ακρόπολη, 
Ακρόπολη Μεγάλου Γαρδικίου,Μεγάλο Γαρδίκι Ιωαννίνων,,Ιωάννινα,ΙΒ΄ Εφορεία Προϊστορικών και Κλασικών Αρχαιοτήτων,Οχυρωμένος οικισμός, 
Ακρόπολη Πανοπέως,,,Χαιρώνεια,Θ΄ Εφορεία Προϊστορικών και Κλασικών Αρχαιοτήτων,Ακρόπολη, 
Ακρόπολη Πλατιάνας,,,Πλατιάνα,Ζ΄ Εφορεία Προϊστορικών και Κλασικών Αρχαιοτήτων,Ακρόπολη, 
Ακρόπολη πόλης Σταγείρων,,,Ολυμπιάδα,ΙΣΤ΄ Εφορεία Προϊστορικών και Κλασικών Αρχαιοτήτων,Ακρόπολη, 
Ακρόπολη Ποσειδίου Καρπάθου,,,Κάρπαθος,ΚΒ΄ Εφορεία Προϊστορικών και Κλασικών Αρχαιοτήτων,Ακρόπολη, 
Ακρόπολη Πρόερνας,,35010,Ν. Μοναστήρι,ΙΔ΄ Εφορεία Προϊστορικών και Κλασικών Αρχαιοτήτων,Ακρόπολη, 
Ακρόπολη Ρόδου,,85100,Ρόδος,ΚΒ΄ Εφορεία Προϊστορικών και Κλασικών Αρχαιοτήτων,Ακρόπολη, 
Ακρόπολη Σπάρτης,,23100,Σπάρτη,Ε΄ Εφορεία Προϊστορικών και Κλασικών Αρχαιοτήτων,Ακρόπολη, 
Ακρόπολη Φαρσάλου,Περιφέρεια Θεσσαλίας,40300,Φάρσαλα,ΙΕ΄ Εφορεία Προϊστορικών και Κλασικών Αρχαιοτήτων,Ακρόπολη, 
Ακρόπολη Φαρσάλου,Περιφέρεια Θεσσαλίας,40300,Φάρσαλα,ΙΕ΄ Εφορεία Προϊστορικών και Κλασικών Αρχαιοτήτων,Ακρόπολη, 
Ακρωτήρι Θήρας,Ακρωτήρι,,Θήρα,ΚΑ΄ Εφορεία Προϊστορικών και Κλασικών Αρχαιοτήτων,Προϊστορικός οικισμός, 
Αλαί,,35001,Άγιος Ιωάννης Θεολόγος Μαλεσίνας,ΙΔ΄ Εφορεία Προϊστορικών και Κλασικών Αρχαιοτήτων,Πόλη, 
Αλίφειρα,Κάστρο της Νεροβίτσας,,Αλίφειρα,Ζ΄ Εφορεία Προϊστορικών και Κλασικών Αρχαιοτήτων,Ακρόπολη, 
Άλος,,37100,Αλμυρός,ΙΓ' Εφορεία Προϊστορικών και Κλασικών Αρχαιοτήτων,Πόλη, 
Άλωρος,,,Πέλλα,ΙΖ΄ Εφορεία Προϊστορικών και Κλασικών Αρχαιοτήτων,Οικισμός, 
Αμάρυνθος,,34006,Αμάρυνθος,ΙΑ΄ Εφορεία Προϊστορικών και Κλασικών Αρχαιοτήτων,Πόλη, 
Αμβρακία,,47100,Άρτα,ΛΓ΄ Εφορεία Προϊστορικών και Κλασικών Αρχαιοτήτων,Πόλη, 
Αμνισός,,,Αμνισός,ΚΓ΄ Εφορεία Προϊστορικών και Κλασικών Αρχαιοτήτων,Πόλη, 
Αμυκλαίον και Ιερό Απόλλωνος Αμυκλαίου,,23100,Αμύκλες,Ε΄ Εφορεία Προϊστορικών και Κλασικών Αρχαιοτήτων,Ιερό, 
Αμφιάρειο Ωρωπού,,,Ωρωπός,Β΄ Εφορεία Προϊστορικών και Κλασικών Αρχαιοτήτων,Ιερό, 
Αμφίπολις,,,Αμφίπολη,ΚΗ΄ Εφορεία Προϊστορικών και Κλασικών Αρχαιοτήτων,Πόλη, 
Άμφισσα,,33100,Άμφισσα,Ι΄ Εφορεία Προϊστορικών και Κλασικών Αρχαιοτήτων,Πόλη, 
Ανακτορικό συγκρότημα Αχίλλειον,,,Γαστούρι,Διεύθυνση Νεώτερης και Σύγχρονης Αρχιτεκτονικής Κληρονομιάς,Ανακτορικό συγκρότημα, 
Ανακτορόπολις,,,Νέα Πέραμος,12η Εφορεία Βυζαντινών Αρχαιοτήτων,Πόλη - κάστρο, 
Αναστασιούπολις - Περιθεώριον,,,Αμαξάδες,12η Εφορεία Βυζαντινών Αρχαιοτήτων,Πόλη - κάστρο, 
Ανδρομονάστηρο,,,Πετράλωνα Μεσσηνίας,26η Εφορεία Βυζαντινών Αρχαιοτήτων,Μοναστηριακό Κέντρο, 
Ανδρών,,35013,Γλύφα,ΙΔ΄ Εφορεία Προϊστορικών και Κλασικών Αρχαιοτήτων,Νεκρόπολη, 
Ανδρών,,35013,Γλύφα,ΙΔ΄ Εφορεία Προϊστορικών και Κλασικών Αρχαιοτήτων,Οχύρωση, 
Ανεμόσπηλια,,,Άνω Αρχάνες,ΚΓ΄ Εφορεία Προϊστορικών και Κλασικών Αρχαιοτήτων,Ιερό, 
Αντίκυρα,,,Αντίκυρα,Θ΄ Εφορεία Προϊστορικών και Κλασικών Αρχαιοτήτων,Πόλη, 
Άνω Εγκλιανός Μεσσηνίας - Ανάκτορο Νέστορος,,,Τριφυλία,ΛΗ΄ Εφορεία Προϊστορικών και Κλασικών Αρχαιοτήτων,Ανακτορικό συγκρότημα, 
Άνω Πόλη Κυπαρισσίας,,,Κυπαρισσία,26η Εφορεία Βυζαντινών Αρχαιοτήτων,Οικισμός, 
Ανώπολις,,,Χώρα Σφακίων,ΚΕ΄ Εφορεία Προϊστορικών και Κλασικών Αρχαιοτήτων,Πόλη, 
Αποδούλου,,,Δήμος Κουρητών,ΚΕ΄ Εφορεία Προϊστορικών και Κλασικών Αρχαιοτήτων,Νεκροταφείο, 
Αποδούλου,,,Δήμος Κουρητών,ΚΕ΄ Εφορεία Προϊστορικών και Κλασικών Αρχαιοτήτων,Πόλη, 
Απτέρα,,,Σούδα,ΚΕ΄ Εφορεία Προϊστορικών και Κλασικών Αρχαιοτήτων,Πόλη, 
Αργιθέα,,,Θεσσαλία,ΛΔ΄ Εφορεία Προϊστορικών και Κλασικών Αρχαιοτήτων,Νεκροταφείο, 
Αργιθέα,,,Θεσσαλία,ΛΔ΄ Εφορεία Προϊστορικών και Κλασικών Αρχαιοτήτων,Πόλη, 
Αρκάσα Καρπάθου,,85700,Κάρπαθος,4η Εφορεία Βυζαντινών Αρχαιοτήτων,Οικιστικό σύνολο, 
Αρτεμίσιο,Δήμος Αρτεμισίου,34100,Εύβοια,ΙΑ΄ Εφορεία Προϊστορικών και Κλασικών Αρχαιοτήτων,Χώρος μάχης, 
Αρχαία Αγορά Αθηνών - Άρειος Πάγος,Αδριανού 24,10555,Αθήνα,Α' Εφορεία Προϊστορικών και Κλασικών Αρχαιοτήτων,Αγορά, 
Αρχαία Αγορά Άργους,,,Άργος,Δ΄ Εφορεία Προϊστορικών και Κλασικών Αρχαιοτήτων,Αγορά, 
Αρχαία Αγορά Θεσσαλονίκης,Οδοί Ολύμπου και Φιλίππου,54646,Θεσσαλονίκη,ΙΣΤ΄ Εφορεία Προϊστορικών και Κλασικών Αρχαιοτήτων,Αγορά, 
Αρχαία Ζώνη,,,Αλεξανδρούπολη,ΙΘ΄ Εφορεία Προϊστορικών και Κλασικών Αρχαιοτήτων,Πόλη, 
Αρχαία Θεσσαλονίκη,,54621,Θεσσαλονίκη,ΙΣΤ΄ Εφορεία Προϊστορικών και Κλασικών Αρχαιοτήτων,Πόλη, 
Αρχαία Θήρα,Επισκοπή Γωνιάς,,Θήρα,ΚΑ΄ Εφορεία Προϊστορικών και Κλασικών Αρχαιοτήτων,Πόλη, 
"Αρχαία Ιερά οδός (Πλατεία Εσταυρωμένου, Σταθμός ΜΕΤΡΟ ""Αιγάλεω"")","Πλατεία Εσταυρωμένου, Αιγάλεω",,Αθήνα,Γ΄ Εφορεία Προϊστορικών και Κλασικών Αρχαιοτήτων,Χώροι εκτός κατάταξης, 
Αρχαία Κόρινθος,Αρχαία Κόρινθος,20007,Αρχαία Κόρινθος,ΛΖ΄ Εφορεία Προϊστορικών και Κλασικών Αρχαιοτήτων,Πόλη, 
Αρχαία Μαρώνεια,,69100,Μαρώνεια,ΙΘ΄ Εφορεία Προϊστορικών και Κλασικών Αρχαιοτήτων,Πόλη, 
Αρχαία Μεσσήνη - Αρχαιολογικός Χώρος,,,Μαυρομάτι,ΛΗ΄ Εφορεία Προϊστορικών και Κλασικών Αρχαιοτήτων,Πόλη, 
Αρχαία Μήθυμνα,Μήθυμνα,,Μήθυμνα,Κ΄ Εφορεία Προϊστορικών και Κλασικών Αρχαιοτήτων,Πόλη, 
Αρχαία Όρθη,Καρδίτσα,43100,Θεσσαλία,ΛΔ΄ Εφορεία Προϊστορικών και Κλασικών Αρχαιοτήτων,Οικιστικό σύνολο, 
Αρχαία Φειά,,,Κατάκολον,Ζ΄ Εφορεία Προϊστορικών και Κλασικών Αρχαιοτήτων,Πόλη, 
Αρχαία Φιγαλεία,,,Φιγαλεία,Ζ΄ Εφορεία Προϊστορικών και Κλασικών Αρχαιοτήτων,Πόλη, 
Αρχαίες Παγαί (Αλεποχώρι),,,Αττική,Γ΄ Εφορεία Προϊστορικών και Κλασικών Αρχαιοτήτων,Αμυντικοί, 
Αρχαίο θέατρο Δωδώνης,,45500,Δωδώνη,ΙΒ΄ Εφορεία Προϊστορικών και Κλασικών Αρχαιοτήτων,Θέατρο, 
Αρχαίο θέατρο Δωδώνης,,45500,Δωδώνη,ΙΒ΄ Εφορεία Προϊστορικών και Κλασικών Αρχαιοτήτων,Ιωνικός, 
Αρχαίο Νεκροταφείο Πάρου,,,Βίτζι Παροικιάς (Πάρος),ΚΑ΄ Εφορεία Προϊστορικών και Κλασικών Αρχαιοτήτων,Νεκρόπολη, 
Αρχαίο Φρούριο Αιγοσθένων,Πόρτο-Γερμενό,,Δήμος Βιλλίων,Γ΄ Εφορεία Προϊστορικών και Κλασικών Αρχαιοτήτων,Ακρόπολη, 
Αρχαιολογικός περίπατος Ουρανούπολης,,,Ουρανούπολη,10η Εφορεία Βυζαντινών Αρχαιοτήτων,Χώροι εκτός κατάταξης, 
Αρχαιολογικός χώρος Αγίου Παταπίου Βεροίας,,,Βέροια,11η Εφορεία Βυζαντινών Αρχαιοτήτων,Πόλη, 
Αρχαιολογικός χώρος Αγίου Παταπίου Βεροίας,,,Βέροια,11η Εφορεία Βυζαντινών Αρχαιοτήτων,Εκκλησιαστικό συγκρότημα, 
Αρχαιολογικός χώρος αιολικού ιερού Κλοπεδής Λέσβου,Κλοπεδή,,Αγία Παρασκευή,Κ΄ Εφορεία Προϊστορικών και Κλασικών Αρχαιοτήτων,Λατρευτικοί, 
Αρχαιολογικός χώρος αιολικού ιερού Κλοπεδής Λέσβου,Κλοπεδή,,Αγία Παρασκευή,Κ΄ Εφορεία Προϊστορικών και Κλασικών Αρχαιοτήτων,Ιερό, 
Αρχαιολογικός χώρος Αρχοντικιού Ψαρών,Αρχοντίκι Ψαρών,821 04,Ψαρά,Κ΄ Εφορεία Προϊστορικών και Κλασικών Αρχαιοτήτων,Νεκρικοί, 
Αρχαιολογικός χώρος Αρχοντικιού Ψαρών,Αρχοντίκι Ψαρών,821 04,Ψαρά,Κ΄ Εφορεία Προϊστορικών και Κλασικών Αρχαιοτήτων,Οικιστικό σύνολο, 
Αρχαιολογικός χώρος Ασκληπιείου  Επιδαύρου,,,Λυγουριό,Δ΄ Εφορεία Προϊστορικών και Κλασικών Αρχαιοτήτων,Ιερό, 
Αρχαιολογικός Χώρος Αφαίας,Αφαία Αίγινας,180 10,Αίγινα,ΚΣΤ΄ Εφορεία Προϊστορικών και Κλασικών Αρχαιοτήτων,Ιερό, 
Αρχαιολογικός Χώρος Γυθείου (Αγορά),,23200,Γύθειο,Ε΄ Εφορεία Προϊστορικών και Κλασικών Αρχαιοτήτων,Αγορά, 
Αρχαιολογικός Χώρος Δημοσίου Σήματος,Σαλαμίνος 35,,Αθήνα,Γ΄ Εφορεία Προϊστορικών και Κλασικών Αρχαιοτήτων,Νεκρικοί, 
Αρχαιολογικός χώρος Εμποριού,Εμποριό,,Μαστιχοχώρια,Κ΄ Εφορεία Προϊστορικών και Κλασικών Αρχαιοτήτων,Οικιστικό σύνολο, 
Αρχαιολογικός Χώρος Θερμής,Πύργοι Θερμής,81100,Λέσβος,Κ΄ Εφορεία Προϊστορικών και Κλασικών Αρχαιοτήτων,Διαμονής, 
Αρχαιολογικός χώρος Ικαρίου Αττικής,,,Διόνυσος,Β΄ Εφορεία Προϊστορικών και Κλασικών Αρχαιοτήτων,Λατρευτικοί, 
Αρχαιολογικός χώρος Καβειρίου,Καβείριο,,Κοντοπούλι,Κ΄ Εφορεία Προϊστορικών και Κλασικών Αρχαιοτήτων,Ιερό, 
Αρχαιολογικός Χώρος Κάστρου Πυθαγορείου,Πυθαγόρειο,83103,Πυθαγόρειο,27η Εφορεία Βυζαντινών Αρχαιοτήτων,Οχύρωση, 
Αρχαιολογικός Χώρος Κάστρου Πυθαγορείου,Πυθαγόρειο,83103,Πυθαγόρειο,27η Εφορεία Βυζαντινών Αρχαιοτήτων,Κάστρο, 
Αρχαιολογικός Χώρος Κάστρου Πυθαγορείου,Πυθαγόρειο,83103,Πυθαγόρειο,27η Εφορεία Βυζαντινών Αρχαιοτήτων,Βυζαντινός, 
"Αρχαιολογικός Χώρος Κάστρου στο ""Ποτάμι"" Καρλοβάσου",,,Καρλόβασι,27η Εφορεία Βυζαντινών Αρχαιοτήτων,Οχύρωση, 
"Αρχαιολογικός Χώρος Κάστρου στο ""Ποτάμι"" Καρλοβάσου",,,Καρλόβασι,27η Εφορεία Βυζαντινών Αρχαιοτήτων,Κάστρο, 
"Αρχαιολογικός Χώρος Κάστρου στο ""Ποτάμι"" Καρλοβάσου",,,Καρλόβασι,27η Εφορεία Βυζαντινών Αρχαιοτήτων,Βυζαντινός, 
Αρχαιολογικός χώρος Κολώνας,,,Αίγινα,ΚΣΤ΄ Εφορεία Προϊστορικών και Κλασικών Αρχαιοτήτων,Πόλη, 
Αρχαιολογικός Χώρος Λυκείου Αριστοτέλους,Οδός Ρηγίλλης,,Αθήνα,Γ΄ Εφορεία Προϊστορικών και Κλασικών Αρχαιοτήτων,Κοινής Ωφέλειας, 
Αρχαιολογικός χώρος Μηλέας,,,Μηλέα,7η Εφορεία Βυζαντινών Αρχαιοτήτων,Πόλη, 
Αρχαιολογικός χώρος οδού Αιόλου,,,Αθήνα,Γ΄ Εφορεία Προϊστορικών και Κλασικών Αρχαιοτήτων,Χώροι εκτός κατάταξης, 
Αρχαιολογικός χώρος Πλατείας Κοτζιά,,,Αθήνα,Γ΄ Εφορεία Προϊστορικών και Κλασικών Αρχαιοτήτων,Χώροι εκτός κατάταξης, 
Αρχαιολογικός χώρος Πολιόχνης,Αγροτική πριφέρεια Καμινίων,,Πολιόχνη,Κ΄ Εφορεία Προϊστορικών και Κλασικών Αρχαιοτήτων,Οικισμός, 
Αρχαιολογικός Χώρος Πύργου Κιερίου,,,Θεσσαλία,ΛΔ΄ Εφορεία Προϊστορικών και Κλασικών Αρχαιοτήτων,Πόλη, 
Αρχαιολογικός χώρος στο λόφο Γόριτσα,Άναυρος,38500,Νέα Δημητριάδα,ΙΓ' Εφορεία Προϊστορικών και Κλασικών Αρχαιοτήτων,Πόλη, 
Αρχαιολογικός χώρος του Μέσσου,Μέσσα Λέσβου,,Αγία Παρασκευή,Κ΄ Εφορεία Προϊστορικών και Κλασικών Αρχαιοτήτων,Θρησκευτικό κέντρο, 
Αρχαιολογικός χώρος του Μέσσου,Μέσσα Λέσβου,,Αγία Παρασκευή,Κ΄ Εφορεία Προϊστορικών και Κλασικών Αρχαιοτήτων,Ιερό, 
Αρχαιολογικός Χώρος Υψηλής Άνδρου,,,Άνδρος,ΚΑ΄ Εφορεία Προϊστορικών και Κλασικών Αρχαιοτήτων,Πόλη, 
Αρχαιολογικός χώρος Φανών,Φανά,,Χίος,Κ΄ Εφορεία Προϊστορικών και Κλασικών Αρχαιοτήτων,Ιερό, 
Αρχαιολογικός χώρος Φρουρίου Λάρισας,,,Λάρισα,7η Εφορεία Βυζαντινών Αρχαιοτήτων,Ακρόπολη, 
Αρχάμπολη,,34100,Ευαγγελισμός,ΙΑ΄ Εφορεία Προϊστορικών και Κλασικών Αρχαιοτήτων,Οικισμός, 
Αρχάνες,,70100,Άνω Αρχάνες,ΚΓ΄ Εφορεία Προϊστορικών και Κλασικών Αρχαιοτήτων,Πόλη, 
Αρχοντικό Γιαννιτσών,,58100,Γιαννιτσά,ΙΖ΄ Εφορεία Προϊστορικών και Κλασικών Αρχαιοτήτων,Προϊστορικός οικισμός, 
Ασίνη,,21100,Ασίνη,Δ΄ Εφορεία Προϊστορικών και Κλασικών Αρχαιοτήτων,Ακρόπολη, 
Ασίνη,,21100,Ασίνη,Δ΄ Εφορεία Προϊστορικών και Κλασικών Αρχαιοτήτων,Προϊστορικός οικισμός, 
Ασκληπιείο Κω,,85300,Κως,ΚΒ΄ Εφορεία Προϊστορικών και Κλασικών Αρχαιοτήτων,Ιερό, 
Ασκληπιείο Τρικάλων,,42100,Τρίκαλα,ΛΔ΄ Εφορεία Προϊστορικών και Κλασικών Αρχαιοτήτων,Ιερό, 
Βαρκά Υπάτης,,,Λουτρά Υπάτης,24η Εφορεία Βυζαντινών Αρχαιοτήτων,Οικιστικό σύνολο, 
Βασιλική Ιεράπετρας,,72200,Βασιλική,ΚΔ΄ Εφορεία Προϊστορικών και Κλασικών Αρχαιοτήτων,Προϊστορικός οικισμός, 
Βάσσες,,,Φιγάλεια,Ζ΄ Εφορεία Προϊστορικών και Κλασικών Αρχαιοτήτων,Ιερό, 
Βίτσα Ζαγορίου,,,Βίτσα,ΙΒ΄ Εφορεία Προϊστορικών και Κλασικών Αρχαιοτήτων,Οικισμός, 
Βόρεια κλιτύς Ακροπόλεως,,,Αθήνα,Α' Εφορεία Προϊστορικών και Κλασικών Αρχαιοτήτων,Ιερό, 
Βούντενη,Συχαινά Πατρών,,Πάτρα,ΣΤ΄ Εφορεία Προϊστορικών και Κλασικών Αρχαιοτήτων,Νεκροταφείο, 
Βουχέτιον,,,Αμμουδιά,ΛΓ΄ Εφορεία Προϊστορικών και Κλασικών Αρχαιοτήτων,Πόλη, 
Βραυρώνα,Βραυρώνα Μεσογαίας,19003,Μαρκόπουλο,Β΄ Εφορεία Προϊστορικών και Κλασικών Αρχαιοτήτων,Ιερό, 
Βραχοσκεπή Μποϊλα,,,Άγιος Μηνάς,Εφορεία Παλαιοανθρωπολογίας-Σπηλαιολογίας Βόρειας Ελλάδος,Σπήλαιο, 
Βρεστό,,,Βρεστό,Ζ΄ Εφορεία Προϊστορικών και Κλασικών Αρχαιοτήτων,Πόλη, 
Βρουλιά,,85109,Κατταβιά,ΚΒ΄ Εφορεία Προϊστορικών και Κλασικών Αρχαιοτήτων,Οικισμός, 
Βυζαντινά και Μεταβυζαντινά Μνημεία Αιανής,,,Αιανή,17η Εφορεία Βυζαντινών Αρχαιοτήτων,Οικιστικό σύνολο, 
Βυζαντινά και Μεταβυζαντινά Μνημεία Βελβεντού,,,Βελβεντό Κοζάνης,17η Εφορεία Βυζαντινών Αρχαιοτήτων,Οικιστικό σύνολο, 
Βυζαντινά μνημεία Πρεσπών,,,Πρέσπες,16η Εφορεία Βυζαντινών Αρχαιοτήτων,Χώροι εκτός κατάταξης, 
Βυζαντινή Ακρόπολη Σερρών,,,Σέρρες,12η Εφορεία Βυζαντινών Αρχαιοτήτων,Οχύρωση, 
Βυζαντινή Ακρόπολη Σερρών,,,Σέρρες,12η Εφορεία Βυζαντινών Αρχαιοτήτων,Ακρόπολη, 
Βυζαντινή Μαρώνεια,,,Μαρώνεια,15η Εφορεία Βυζαντινών Αρχαιοτήτων,Πόλη, 
Βυζαντινό Κάστρο Χρυσής,,,Χρυσή,11η Εφορεία Βυζαντινών Αρχαιοτήτων,Πόλη - κάστρο, 
Γαλεριανό Συγκρότημα,Πλατεία Ναυαρίνου,54622,Θεσσαλονίκη,ΙΣΤ΄ Εφορεία Προϊστορικών και Κλασικών Αρχαιοτήτων,Ανακτορικό συγκρότημα, 
Γαύδος,,,Γαύδος,ΚΕ΄ Εφορεία Προϊστορικών και Κλασικών Αρχαιοτήτων,Νεκροταφείο, 
Γαύδος,,,Γαύδος,ΚΕ΄ Εφορεία Προϊστορικών και Κλασικών Αρχαιοτήτων,Οικισμός, 
Γέρακας Λακωνίας,,23068,Ζάρακας,Ε΄ Εφορεία Προϊστορικών και Κλασικών Αρχαιοτήτων,Πόλη, 
Γεράκι,,,Γεράκι,5η Εφορεία Βυζαντινών Αρχαιοτήτων,Ακρόπολη, 
Γίτανα,Φράγμα Καλαμά,463 00,Φιλιάτες,ΛΒ΄ Εφορεία Προϊστορικών και Κλασικών Αρχαιοτήτων,Οχυρωμένος οικισμός, 
Γκρόττα Νάξου,,,Γκρόττα,ΚΑ΄ Εφορεία Προϊστορικών και Κλασικών Αρχαιοτήτων,Προϊστορικός οικισμός, 
Γλύφα,,,Δελφοί,Ι΄ Εφορεία Προϊστορικών και Κλασικών Αρχαιοτήτων,Οχύρωση, 
Γλύφα (Νεκροταφείο ταφικών κύκλων),,35013,Γλύφα,ΙΔ΄ Εφορεία Προϊστορικών και Κλασικών Αρχαιοτήτων,Νεκρόπολη, 
Γόρτυνα,,70012,Άγιοι Δέκα,ΚΓ΄ Εφορεία Προϊστορικών και Κλασικών Αρχαιοτήτων,Πόλη, 
Γουρνιά,Παχειά Άμμος,72200,Ιεράπετρα,ΚΔ΄ Εφορεία Προϊστορικών και Κλασικών Αρχαιοτήτων,Πόλη, 
Δάμος Καλύμνου,,,Κάλυμνος,ΚΒ΄ Εφορεία Προϊστορικών και Κλασικών Αρχαιοτήτων,Προϊστορικός οικισμός, 
Δαύλεια,,,Δαύλεια,Θ΄ Εφορεία Προϊστορικών και Κλασικών Αρχαιοτήτων,Διαμονής, 
Δάφνη,,,Δάφνη,Ζ΄ Εφορεία Προϊστορικών και Κλασικών Αρχαιοτήτων,Νεκροταφείο, 
Δαφνούσια Λοκρίδας,,,Αρκίτσα,24η Εφορεία Βυζαντινών Αρχαιοτήτων,Οικιστικό σύνολο, 
Δελφοί,,33054,Δελφοί,Ι΄ Εφορεία Προϊστορικών και Κλασικών Αρχαιοτήτων,Ιερό, 
Δενδρά,Δενδρά Αργολίδας,21 100,Μιδέα,Δ΄ Εφορεία Προϊστορικών και Κλασικών Αρχαιοτήτων,Νεκροταφείο, 
Δήλος,,,Δήλος,ΚΑ΄ Εφορεία Προϊστορικών και Κλασικών Αρχαιοτήτων,Ιερό, 
Δημητριάδα,,38500,Δημητριάδα,ΙΓ' Εφορεία Προϊστορικών και Κλασικών Αρχαιοτήτων,Πόλη, 
Δημητριάδα (βασιλικές Α΄ και Β΄),,,Δημητριάδα,7η Εφορεία Βυζαντινών Αρχαιοτήτων,Λατρευτικοί,
Δημοτική Αγορά Λέρου,,,Λακκί,Υπηρεσία Νεωτέρων Μνημείων και Τεχνικών Έργων Δωδεκανήσου,Αγορά, 
Διδυμότειχο,,,Διδυμότειχο,15η Εφορεία Βυζαντινών Αρχαιοτήτων,Πόλη, 
Διμαρίστικα,,,Διμαρίστικα,5η Εφορεία Βυζαντινών Αρχαιοτήτων,Οικιστικό σύνολο, 
Διμήνι,,38500,Διμήνι,ΙΓ' Εφορεία Προϊστορικών και Κλασικών Αρχαιοτήτων,Προϊστορικός οικισμός, 
Διοκλητιανούπολη,,,Άργος Ορεστικό,16η Εφορεία Βυζαντινών Αρχαιοτήτων,Πόλη, 
Δίον,,60100,Δίον,ΚΖ΄ Εφορεία Προϊστορικών και Κλασικών Αρχαιοτήτων,Πόλη, 
Δυμόκαστρο,,461 00,Πέρδικα,ΛΒ΄ Εφορεία Προϊστορικών και Κλασικών Αρχαιοτήτων,Οχυρωμένος οικισμός, 
Δύστος,,34001,Καστρί Δύστου,ΙΑ΄ Εφορεία Προϊστορικών και Κλασικών Αρχαιοτήτων,Οικισμός, 
Δυτικοί λόφοι Αθηνών,,,Αθήνα,Α' Εφορεία Προϊστορικών και Κλασικών Αρχαιοτήτων,Πόλη, 
Δωδώνη,,45500,Δωδώνη,ΙΒ΄ Εφορεία Προϊστορικών και Κλασικών Αρχαιοτήτων,Ιερό, 
Δωρίδα,,,Δήμος Δωριέων,Ι΄ Εφορεία Προϊστορικών και Κλασικών Αρχαιοτήτων,Πόλη, 
Έδεσσα,,58200,Έδεσσα,11η Εφορεία Βυζαντινών Αρχαιοτήτων,Πόλη, 
Ελάτεια,,35004,Ελάτεια Λοκρίδος,ΙΔ΄ Εφορεία Προϊστορικών και Κλασικών Αρχαιοτήτων,Ακρόπολη, 
Ελάτεια,,35004,Ελάτεια Λοκρίδος,ΙΔ΄ Εφορεία Προϊστορικών και Κλασικών Αρχαιοτήτων,Θαλαμοειδείς τάφοι, 
Ελέα,Δ.Δ. Χρυσαυγής,462 00,Παραμυθιά,ΛΒ΄ Εφορεία Προϊστορικών και Κλασικών Αρχαιοτήτων,Οχυρωμένος οικισμός, 
Ελευθερές,,,Αττική,Γ΄ Εφορεία Προϊστορικών και Κλασικών Αρχαιοτήτων,Πόλη, 
Ελεύθερνα,,,Ελεύθερνα,ΚΕ΄ Εφορεία Προϊστορικών και Κλασικών Αρχαιοτήτων,Νεκροταφείο, 
Ελεύθερνα,,,Ελεύθερνα,ΚΕ΄ Εφορεία Προϊστορικών και Κλασικών Αρχαιοτήτων,Ακρόπολη, 
Ελεύθερνα,,,Ελεύθερνα,ΚΕ΄ Εφορεία Προϊστορικών και Κλασικών Αρχαιοτήτων,Οικισμός, 
Ελευσίνα,,,Ελευσίνα,Γ΄ Εφορεία Προϊστορικών και Κλασικών Αρχαιοτήτων,Ιερό, 
Ελευσίνα-Η Γέφυρα του Ελευσινιακού Κηφισού,,,Ελευσίνα,Γ΄ Εφορεία Προϊστορικών και Κλασικών Αρχαιοτήτων,Κοινής Ωφέλειας, 
Ελληνικά Ανθείας - Αρχαία Θουρία,,,Ελληνικά,ΛΗ΄ Εφορεία Προϊστορικών και Κλασικών Αρχαιοτήτων,Πόλη, 
Ελληνιστικό νεκροταφείο  Ελληνικών Κοπάνης,,,Κοπάνη,Αρχαιολογικό Ινστιτούτο Ηπειρωτικών Σπουδών,Νεκροταφείο, 
Έλυρος,,,Χανιά,ΚΕ΄ Εφορεία Προϊστορικών και Κλασικών Αρχαιοτήτων,Νεκροταφείο, 
Έλυρος,,,Χανιά,ΚΕ΄ Εφορεία Προϊστορικών και Κλασικών Αρχαιοτήτων,Πόλη, 
Εξαμίλιο τείχος,,,Κόρινθος,25η Εφορεία Βυζαντινών Αρχαιοτήτων,Φρούριο, 
Εξαμίλιο τείχος,,,Κόρινθος,25η Εφορεία Βυζαντινών Αρχαιοτήτων,Τείχη, 
Εξαμίλιο τείχος,,,Κόρινθος,25η Εφορεία Βυζαντινών Αρχαιοτήτων,Βυζαντινός, 
Επίδαυρος - Λιμηρά,,230 52,Επαρχία Επιδαύρου-Λιμηρών,Ε΄ Εφορεία Προϊστορικών και Κλασικών Αρχαιοτήτων,Ακρόπολη, 
Επισκοπή Τεγέας,,,Επισκοπή Τεγέας,ΛΘ΄ Εφορεία Προϊστορικών και Κλασικών Αρχαιοτήτων,Πόλη, 
Επιτάλιο,,,Επιτάλιο,Ζ΄ Εφορεία Προϊστορικών και Κλασικών Αρχαιοτήτων,Πόλη, 
Ερέτρια,,34008,Ερέτρια,ΙΑ΄ Εφορεία Προϊστορικών και Κλασικών Αρχαιοτήτων,Πόλη, 
Ερμήτσι,Καρδίτσα,43100,Θεσσαλία,ΛΔ΄ Εφορεία Προϊστορικών και Κλασικών Αρχαιοτήτων,Οικιστικό σύνολο, 
Ευρωπός,,,Ευρωπός,ΙΣΤ΄ Εφορεία Προϊστορικών και Κλασικών Αρχαιοτήτων,Νεκροταφείο, 
Ευρωπός,,,Ευρωπός,ΙΣΤ΄ Εφορεία Προϊστορικών και Κλασικών Αρχαιοτήτων,Ακρόπολη, 
Εύτρηση,,,Λεύκτρα,Θ΄ Εφορεία Προϊστορικών και Κλασικών Αρχαιοτήτων,Διαμονής, 
Εφύρα,,,Μεσοπόταμος,ΛΓ΄ Εφορεία Προϊστορικών και Κλασικών Αρχαιοτήτων,Ακρόπολη, 
Εχίνος,,35300,Αχινός,ΙΔ΄ Εφορεία Προϊστορικών και Κλασικών Αρχαιοτήτων,Νεκρόπολη, 
Εχίνος,,35300,Αχινός,ΙΔ΄ Εφορεία Προϊστορικών και Κλασικών Αρχαιοτήτων,Ακρόπολη, 
Ζαγορά Άνδρου,,,Ζαγανιάρι Άνδρου,ΚΑ΄ Εφορεία Προϊστορικών και Κλασικών Αρχαιοτήτων,Προϊστορικός οικισμός, 
Ζάκρος,,72300,Ζάκρος,ΚΔ΄ Εφορεία Προϊστορικών και Κλασικών Αρχαιοτήτων,Ακρόπολη, 
Ήλιδα,Γαστούνη,27300,Ήλιδα,Ζ΄ Εφορεία Προϊστορικών και Κλασικών Αρχαιοτήτων,Πόλη, 
Ηραίον Άργους,,,Άργος,Δ΄ Εφορεία Προϊστορικών και Κλασικών Αρχαιοτήτων,Ιερό, 
Θέατρο Ασκληπιείου Επιδαύρου,,,Λυγουριό,Δ΄ Εφορεία Προϊστορικών και Κλασικών Αρχαιοτήτων,Θέατρο, 
Θερμοπύλες,,35009,Θερμοπύλες,ΙΔ΄ Εφορεία Προϊστορικών και Κλασικών Αρχαιοτήτων,Χώρος μάχης, 
"Θεσπιές Βοιωτίας, Κοιλάδα των Μουσών",,,Θεσπιές,Θ΄ Εφορεία Προϊστορικών και Κλασικών Αρχαιοτήτων,Ιερό, 
Θήβα,,32200,Θήβα,Θ΄ Εφορεία Προϊστορικών και Κλασικών Αρχαιοτήτων,Πόλη, 
Θίσβη,,,Θίσβη,Θ΄ Εφορεία Προϊστορικών και Κλασικών Αρχαιοτήτων,Ακρόπολη, 
Θόλος/ Θυμέλη στο Ιερό του Ασκληπιού Επιδαύρου,,,Λυγουριό,Δ΄ Εφορεία Προϊστορικών και Κλασικών Αρχαιοτήτων,Θόλος, 
Θορικός,Περιοχή Θορικού,,Λαύριο,Β΄ Εφορεία Προϊστορικών και Κλασικών Αρχαιοτήτων,Προϊστορικός οικισμός, 
Ιαλυσός,,85101,Ιαλυσός,ΚΒ΄ Εφορεία Προϊστορικών και Κλασικών Αρχαιοτήτων,Οικισμός, 
Ιαματικά λουτρά Παντελίδη,,,Πάλοι,Υπηρεσία Νεωτέρων Μνημείων και Τεχνικών Έργων Δωδεκανήσου,Λουτρά, 
Ιερά Απόλλωνος Δειραδιώτη και Αθηνάς Οξυδερκούς,,,Άργος,Δ΄ Εφορεία Προϊστορικών και Κλασικών Αρχαιοτήτων,Ιερό, 
Ιερά Μοn- Repos,,,Κέρκυρα,Η΄ Εφορεία Προϊστορικών και Κλασικών Αρχαιοτήτων,Ιερό, 
Ιερά Μονή Αγίου Βλασίου  ,,,Άνω Τρίκαλα,25η Εφορεία Βυζαντινών Αρχαιοτήτων,Μοναστηριακό Κέντρο, 
Ιερά Μονή Αγίου Γεωργίου,,,Φενεός,25η Εφορεία Βυζαντινών Αρχαιοτήτων,Μοναστηριακό Κέντρο, 
Ιερά Μονή Αγίου Λαυρεντίου,,,Άγιος Λαυρέντιος,7η Εφορεία Βυζαντινών Αρχαιοτήτων,Μοναστηριακό Κέντρο, 
Ιερά Μονή Θεοτόκου Καλών Νησιών,,,Περαχώρα,25η Εφορεία Βυζαντινών Αρχαιοτήτων,Μοναστηριακό Κέντρο, 
Ιερά Μονή Μεταμόρφωσης Σωτήρος,,,Δρυόβουνο,17η Εφορεία Βυζαντινών Αρχαιοτήτων,Μοναστηριακό Κέντρο, 
"Ιερά Μονή Οσίου Νικάνορος, Ζάβορδας",,,Δεσκάτη,17η Εφορεία Βυζαντινών Αρχαιοτήτων,Μοναστηριακό Κέντρο, 
Ιερά Μονή Παναγίας,,,Μεσαία Τρίκαλα,25η Εφορεία Βυζαντινών Αρχαιοτήτων,Μοναστηριακό Κέντρο, 
Ιερά Μονή Παναγίας του Βράχου,,,Νεμέα,25η Εφορεία Βυζαντινών Αρχαιοτήτων,Μοναστηριακό Κέντρο, 
Ιερά Μονή Παναγίας Χρυσίνου,,,Κλεινοβό,19η Εφορεία Βυζαντινών Αρχαιοτήτων,Μοναστηριακό Κέντρο, 
Ιερά Μονή Προφήτη Ηλία ,,,Ευρωστίνη,25η Εφορεία Βυζαντινών Αρχαιοτήτων,Μοναστηριακό Κέντρο, 
Ιερό Αθηνάς,,,Σούνιο,Β΄ Εφορεία Προϊστορικών και Κλασικών Αρχαιοτήτων,Ιερό, 
Ιερό Αρτέμιδος στη Ρακίτα Αχαϊας,,,Ρακίτα,ΣΤ΄ Εφορεία Προϊστορικών και Κλασικών Αρχαιοτήτων,Ιερό, 
Ιερό Αυλιδείας Αρτέμιδος,,34100,Βαθύ Αυλίδος,ΙΑ΄ Εφορεία Προϊστορικών και Κλασικών Αρχαιοτήτων,Ιερό, 
Ιερό Διονύσου και Νυμφών (Ιερό Άμμωνα Δία),,,Καλλιθέα,ΙΣΤ΄ Εφορεία Προϊστορικών και Κλασικών Αρχαιοτήτων,Ιερό, 
Ιερό Ορθίας Αρτέμιδος,,,Σπάρτη,Ε΄ Εφορεία Προϊστορικών και Κλασικών Αρχαιοτήτων,Ιερό, 
Ιερό Ποσειδίου,,,Ποσείδι,ΙΣΤ΄ Εφορεία Προϊστορικών και Κλασικών Αρχαιοτήτων,Ιερό, 
Ιερό Ποσειδώνος στην Καλαυρεία Πόρου,Παλάτια,,Πόρος,ΚΣΤ΄ Εφορεία Προϊστορικών και Κλασικών Αρχαιοτήτων,Ιερό, 
Ιερό Ποσειδώνος στο Σούνιο,Δήμος Λαυρεωτικής,,Σούνιο,Β΄ Εφορεία Προϊστορικών και Κλασικών Αρχαιοτήτων,Ιερό, 
Ιερό της Αφροδίτης Δαφνίου,,,Αθήνα,Γ΄ Εφορεία Προϊστορικών και Κλασικών Αρχαιοτήτων,Λατρευτικοί, 
Ιερό της Δέσποινας - Λυκόσουρα,Κοινότητα Λυκόσουρας,,Λυκοσούρα,Ε΄ Εφορεία Προϊστορικών και Κλασικών Αρχαιοτήτων,Ιερό, 
Ιερό της Μεγάλης Μητέρας (Μάνταλ Παναγιά),,68002,Προφήτης Ηλίας,ΙΘ΄ Εφορεία Προϊστορικών και Κλασικών Αρχαιοτήτων,Ιερό, 
Ιερό του Απόλλωνος των Αβών,,35200,Καλαπόδι,ΙΔ΄ Εφορεία Προϊστορικών και Κλασικών Αρχαιοτήτων,Ιερό, 
Ιερό του Διός στη Νεμέα,,,Νεμέα,ΛΖ΄ Εφορεία Προϊστορικών και Κλασικών Αρχαιοτήτων,Ιερό, 
Ιερό των Μεγάλων Θεών Σαμοθράκης,Παλαιόπολη,68002,Σαμοθράκη,ΙΘ΄ Εφορεία Προϊστορικών και Κλασικών Αρχαιοτήτων,Ιερό, 
Ίωρον,,61100,Παλατιανό,ΙΣΤ΄ Εφορεία Προϊστορικών και Κλασικών Αρχαιοτήτων,Πόλη, 
Καβείριο Θηβών,,32200,Θήβα,Θ΄ Εφορεία Προϊστορικών και Κλασικών Αρχαιοτήτων,Ιερό, 
Καλλίθηρα,Καλλίθηρο,,Καρδίτσα,ΛΘ΄ Εφορεία Προϊστορικών και Κλασικών Αρχαιοτήτων,Προϊστορικός οικισμός,
Κάλλιον,,,Λιδωρίκι,Ι΄ Εφορεία Προϊστορικών και Κλασικών Αρχαιοτήτων,Ακρόπολη, 
Καλογερόβρυση,,34100,Φύλλα,ΙΑ΄ Εφορεία Προϊστορικών και Κλασικών Αρχαιοτήτων,Προϊστορικός οικισμός, 
Καλυδώνα,Αρχαία Καλυδώνα,,Ευηνοχώρι,ΛΣΤ΄ Εφορεία Προϊστορικών και Κλασικών Αρχαιοτήτων,Διαμονής, 
Καλυδώνα,Αρχαία Καλυδώνα,,Ευηνοχώρι,ΛΣΤ΄ Εφορεία Προϊστορικών και Κλασικών Αρχαιοτήτων,Πόλη, 
Κάμειρος,,85100,Κάμειρος,ΚΒ΄ Εφορεία Προϊστορικών και Κλασικών Αρχαιοτήτων,Οικισμός, 
Καμενίτσα Γορτυνίας,,,Καμενίτσα Γορτυνίας,Ε΄ Εφορεία Προϊστορικών και Κλασικών Αρχαιοτήτων,Προϊστορικός οικισμός, 
Κάμπος Ικαρίας,,,Κάμπος,ΚΑ΄ Εφορεία Προϊστορικών και Κλασικών Αρχαιοτήτων,Προϊστορικός οικισμός, 
Κάμπος Χίου,,,Κάμπος,Υπηρεσία Νεωτέρων Μνημείων και Τεχνικών Έργων Βορείου Αιγαίου,Προϊστορικός οικισμός, 
Κασσώπη,,48100,Καμαρίνα,ΛΓ΄ Εφορεία Προϊστορικών και Κλασικών Αρχαιοτήτων,Πόλη, 
Καστρί Ποταμίας,,34200,Καστρί Ποταμίας,ΙΑ΄ Εφορεία Προϊστορικών και Κλασικών Αρχαιοτήτων,Οικισμός, 
Κάστρο Αγίου Γεωργίου,,,Περατάτα,20η  Εφορεία Βυζαντινών Αρχαιοτήτων,Πόλη - κάστρο, 
Κάστρο Ακροκορίνθου,,200 07,Αρχαία Κόρινθος,25η Εφορεία Βυζαντινών Αρχαιοτήτων,Πόλη - κάστρο, 
Κάστρο Ανδρούσας,,,Ανδρούσα,26η Εφορεία Βυζαντινών Αρχαιοτήτων,Πόλη - κάστρο, 
Κάστρο Αντιμάχειας,,85302,Αντιμάχεια,4η Εφορεία Βυζαντινών Αρχαιοτήτων,Πόλη - κάστρο, 
Κάστρο Απολακκιάς,,,Απολακκιά,4η Εφορεία Βυζαντινών Αρχαιοτήτων,Πόλη - κάστρο, 
Κάστρο Απολλώνων,,,Απόλλωνα,4η Εφορεία Βυζαντινών Αρχαιοτήτων,Πόλη - κάστρο, 
Κάστρο Άργους,,85303,Νίσυρος,4η Εφορεία Βυζαντινών Αρχαιοτήτων,Πόλη - κάστρο, 
Κάστρο Βελίκας,,,Βελίκα,7η Εφορεία Βυζαντινών Αρχαιοτήτων,Πόλη - κάστρο, 
Κάστρο Βόλου,,,Βόλος,7η Εφορεία Βυζαντινών Αρχαιοτήτων,Πόλη - κάστρο, 
Κάστρο Γλαρέντζας,,,Κυλλήνη,6η Εφορεία Βυζαντινών Αρχαιοτήτων,Οχύρωση, 
Κάστρο Γλαρέντζας,,,Κυλλήνη,6η Εφορεία Βυζαντινών Αρχαιοτήτων,Πόλη - κάστρο, 
Κάστρο Ζακύνθου,Μπόχαλη,29100,Ζάκυνθος,20η  Εφορεία Βυζαντινών Αρχαιοτήτων,Πόλη - κάστρο, 
Κάστρο Ιωαννίνων,Κάστρο Ιωαννίνων,45221,Ιωάννινα,8η Εφορεία Βυζαντινών Αρχαιοτήτων,Πόλη - κάστρο, 
Κάστρο Καλλιθήρου,Καρδίτσα,43100,Θεσσαλία,ΛΔ΄ Εφορεία Προϊστορικών και Κλασικών Αρχαιοτήτων,Πόλη - κάστρο, 
Κάστρο Κατταβιάς,,,Κατταβιά,4η Εφορεία Βυζαντινών Αρχαιοτήτων,Πόλη - κάστρο, 
Κάστρο Κορώνης,,,Κορώνη,26η Εφορεία Βυζαντινών Αρχαιοτήτων,Πόλη - κάστρο, 
Κάστρο Κοσκινού,,851 00,Κοσκινού,4η Εφορεία Βυζαντινών Αρχαιοτήτων,Πόλη - κάστρο, 
Κάστρο Κυπαρισσίας,,,Κυπαρισσία,26η Εφορεία Βυζαντινών Αρχαιοτήτων,Πόλη - κάστρο, 
Κάστρο Λαμίας,Κάστρο Λαμίας,35100,Λαμία,ΙΔ΄ Εφορεία Προϊστορικών και Κλασικών Αρχαιοτήτων,Αμυντικοί, 
Κάστρο Λαχανιάς,,,Λαχανιά,4η Εφορεία Βυζαντινών Αρχαιοτήτων,Πόλη - κάστρο, 
Κάστρο Μανδρακίου ,,85303,Νίσυρος,4η Εφορεία Βυζαντινών Αρχαιοτήτων,Πόλη - κάστρο, 
Κάστρο Μεθώνης,,,Μεθώνη,26η Εφορεία Βυζαντινών Αρχαιοτήτων,Πόλη - κάστρο, 
Κάστρο Μικρού Χωριού,,85002,Τήλος,4η Εφορεία Βυζαντινών Αρχαιοτήτων,Πόλη - κάστρο, 
Κάστρο Μυτιλήνης,,81100,Μυτιλήνη,14η Εφορεία Βυζαντινών Αρχαιοτήτων,Οχύρωση, 
Κάστρο Παράλιου Άστρους,,,Παράλιο Άστρος,25η Εφορεία Βυζαντινών Αρχαιοτήτων,Κάστρο, 
Κάστρο Πάτρας,Παναχαΐδος Αθηνάς,26225,Πάτρα,6η Εφορεία Βυζαντινών Αρχαιοτήτων,Οχύρωση, 
Κάστρο Πάτρας,Παναχαΐδος Αθηνάς,26225,Πάτρα,6η Εφορεία Βυζαντινών Αρχαιοτήτων,Πόλη - κάστρο, 
Κάστρο Πέρα,,,Καστάνια Μάνης,26η Εφορεία Βυζαντινών Αρχαιοτήτων,Πόλη - κάστρο, 
Κάστρο Περιπάτου,,85300,Κως,4η Εφορεία Βυζαντινών Αρχαιοτήτων,Πόλη - κάστρο, 
Κάστρο Πηδήματος,,,Πήδημα,26η Εφορεία Βυζαντινών Αρχαιοτήτων,Πόλη - κάστρο, 
Κάστρο Πλαταμώνα,,60065,Πλαταμώνας,9η Εφορεία Βυζαντινών Αρχαιοτήτων,Πόλη - κάστρο, 
Κάστρο Σαλάκου,,,Σάλακος,4η Εφορεία Βυζαντινών Αρχαιοτήτων,Πόλη - κάστρο, 
Κάστρο Σίφνου,,,Κάστρο,2η Εφορεία Βυζαντινών Αρχαιοτήτων,Προϊστορικός οικισμός, 
Κάστρο Σίφνου,,,Κάστρο,2η Εφορεία Βυζαντινών Αρχαιοτήτων,Οχυρωμένος οικισμός, 
Κάστρο Φορτέτζα,,,Ρέθυμνο,28η Εφορεία Βυζαντινών Αρχαιοτήτων,Οχύρωση, 
Κάστρο Χίου,,,Χίος,3η Εφορεία Βυζαντινών Αρχαιοτήτων,Χώρος μάχης, 
Κάστρο Χλεμούτσι,,,Κυλλήνη,6η Εφορεία Βυζαντινών Αρχαιοτήτων,Αμυντικοί, 
Κάστρο Χλεμούτσι,,,Κυλλήνη,6η Εφορεία Βυζαντινών Αρχαιοτήτων,Πόλη - κάστρο, 
Κάστρο Χώρας Καλύμνου,,85200,Κάλυμνος,4η Εφορεία Βυζαντινών Αρχαιοτήτων,Οχυρωμένος οικισμός, 
Κάστρο Χωριού Σύμης,,85600,Σύμη,4η Εφορεία Βυζαντινών Αρχαιοτήτων,Πόλη - κάστρο, 
Κάστρο Χωριού Χάλκης,,85110,Χάλκη,4η Εφορεία Βυζαντινών Αρχαιοτήτων,Πόλη - κάστρο, 
Κάστρο Ψίνθου,,85105,Ψίνθος,4η Εφορεία Βυζαντινών Αρχαιοτήτων,Πόλη - κάστρο, 
Κατάπολα Αμοργού,,84008,Κατάπολα Αμοργού,ΚΑ΄ Εφορεία Προϊστορικών και Κλασικών Αρχαιοτήτων,Προϊστορικός οικισμός, 
Καταρράκτης,θέση Ροδιά (Μπουγά),,Πάτρα,ΣΤ΄ Εφορεία Προϊστορικών και Κλασικών Αρχαιοτήτων,Νεκροταφείο, 
Καταρράκτης,θέση Ροδιά (Μπουγά),,Πάτρα,ΣΤ΄ Εφορεία Προϊστορικών και Κλασικών Αρχαιοτήτων,Μυκηναϊκός, 
Κάτω Σαμικό,,,Κάτω Σαμικό,Ζ΄ Εφορεία Προϊστορικών και Κλασικών Αρχαιοτήτων,Ακρόπολη, 
Καφυές,,,Χωτούσα Μαντινείας,Ε΄ Εφορεία Προϊστορικών και Κλασικών Αρχαιοτήτων,Ιερό, 
Κεντρική κτιριακή ενότητα (Γαλεριανό συγκρότημα),,,Θεσσαλονίκη,ΙΣΤ΄ Εφορεία Προϊστορικών και Κλασικών Αρχαιοτήτων,Ανακτορικό συγκρότημα, 
Κεραμεικός,Ερμού 148,,Αθήνα,Γ΄ Εφορεία Προϊστορικών και Κλασικών Αρχαιοτήτων,Νεκροταφείο, 
Κεραμεικός - Φιγαρέτο Κέρκυρας,Οικόπεδο Μικάλεφ,,Φιγαρέτο,Η΄ Εφορεία Προϊστορικών και Κλασικών Αρχαιοτήτων,Βιοτεχνική εγκατάσταση, 
Κεραμιδαριά,,68002,Κεραμιδαριά Σαμοθράκης,ΙΘ΄ Εφορεία Προϊστορικών και Κλασικών Αρχαιοτήτων,Βιοτεχνική εγκατάσταση, 
Κεραμικά εργαστήρια αρχαίας πόλης Κέρκυρας,Κανόνι,,Κέρκυρα,Η΄ Εφορεία Προϊστορικών και Κλασικών Αρχαιοτήτων,Βιοτεχνική εγκατάσταση, 
Κιόνια Τήνου,Κιόνια,,Τήνος,ΚΑ΄ Εφορεία Προϊστορικών και Κλασικών Αρχαιοτήτων,Ιερό, 
Κίρρα,,,Ιτέα,Ι΄ Εφορεία Προϊστορικών και Κλασικών Αρχαιοτήτων,Πόλη, 
Κίσαμος,,,Επαρχία Κισάμου,ΚΕ΄ Εφορεία Προϊστορικών και Κλασικών Αρχαιοτήτων,Πόλη, 
Κλειστός πολεμικός λιμένας Θάσου,,,Θάσος,Εφορεία Εναλίων Αρχαιοτήτων,Λιμενικές εγκαταστάσεις, 
Κλειστός πολεμικός λιμένας της Αρχαίας πόλεως Σάμου,,,Πυθαγόρειο,Εφορεία Εναλίων Αρχαιοτήτων,Λιμενικές εγκαταστάσεις, 
Κλίμακες Πάτρας,,,Πάτρα,Υπηρεσία Νεωτέρων Μνημείων και Τεχνικών Έργων Δυτικής Ελλάδας,Υποδομής, 
Κνωσός,,71409,Κνωσός,ΚΓ΄ Εφορεία Προϊστορικών και Κλασικών Αρχαιοτήτων,Πόλη, 
Κορσιαί Βοιωτίας,,,Πρόδρομος,Θ΄ Εφορεία Προϊστορικών και Κλασικών Αρχαιοτήτων,Ακρόπολη, 
Κουφονήσι,,,Λεύκη,ΚΔ΄ Εφορεία Προϊστορικών και Κλασικών Αρχαιοτήτων,Πόλη, 
Κράνη Κεφαλονιάς,,,Αργοστόλι,ΛΕ΄ Εφορεία Προϊστορικών και Κλασικών Αρχαιοτήτων,Ακρόπολη, 
Κραννών,,41500,Κραννώνας,ΙΕ΄ Εφορεία Προϊστορικών και Κλασικών Αρχαιοτήτων,Πόλη, 
Κρίσσα,,33054,Χρισσό,Ι΄ Εφορεία Προϊστορικών και Κλασικών Αρχαιοτήτων,Προϊστορικός οικισμός, 
Κτιμένη,Καρδίτσα,43100,Θεσσαλία,ΛΔ΄ Εφορεία Προϊστορικών και Κλασικών Αρχαιοτήτων,Πόλη - κάστρο, 
Κυδωνία,,73131,Χανιά,ΚΕ΄ Εφορεία Προϊστορικών και Κλασικών Αρχαιοτήτων,Πόλη, 
Κύμη,,34003,Βιγλατούρι Κύμης,ΙΑ΄ Εφορεία Προϊστορικών και Κλασικών Αρχαιοτήτων,Πόλη, 
Κύνος,,35007,Λιβανάτες,ΙΔ΄ Εφορεία Προϊστορικών και Κλασικών Αρχαιοτήτων,Οικισμός, 
Κωνστάντια,,59300,Δήμος Εξαπλατάνου,ΙΖ΄ Εφορεία Προϊστορικών και Κλασικών Αρχαιοτήτων,Νεκροταφείο, 
Λαδοχώρι,Ηγουμενίτσα,46100,Λαδοχώρι Ηγουμενίτσας,ΛΒ΄ Εφορεία Προϊστορικών και Κλασικών Αρχαιοτήτων,Οικισμός, 
Λαζαρέτο,,,Κέρκυρα,Υπηρεσία Νεωτέρων Μνημείων και Τεχνικών Έργων Ιονίων Νήσων,Κέντρα Διοίκησης, 
Λάρυμνα,,,Λάρυμνα,Θ΄ Εφορεία Προϊστορικών και Κλασικών Αρχαιοτήτων,Ακρόπολη, 
Λάρυμνα,,,Λάρυμνα,Θ΄ Εφορεία Προϊστορικών και Κλασικών Αρχαιοτήτων,Ακρόπολη, 
Λατομείο ερυθρού ταινάριου λίθου,,,Διμαρίστικα,Διεύθυνση Βυζαντινών και Μεταβυζαντινών Αρχαιοτήτων,Υποδομής, 
Λατώ,,72051,Κριτσά,ΚΔ΄ Εφορεία Προϊστορικών και Κλασικών Αρχαιοτήτων,Πόλη, 
Λεβήνας,,70009,Μιαμού,ΚΓ΄ Εφορεία Προϊστορικών και Κλασικών Αρχαιοτήτων,Ιερό, 
Λεβήνας,,70009,Μιαμού,ΚΓ΄ Εφορεία Προϊστορικών και Κλασικών Αρχαιοτήτων,Πόλη, 
Λείβηθρα,,60063,Λεπτοκαρυά,ΚΖ΄ Εφορεία Προϊστορικών και Κλασικών Αρχαιοτήτων,Πόλη, 
Λέπρεο,,,Λέπρεο,Ζ΄ Εφορεία Προϊστορικών και Κλασικών Αρχαιοτήτων,Ακρόπολη, 
Λέρνα,Μύλοι,,Μύλοι,Δ΄ Εφορεία Προϊστορικών και Κλασικών Αρχαιοτήτων,Προϊστορικός οικισμός, 
Λευκαντί,,34100,Ξερόπολη,ΙΑ΄ Εφορεία Προϊστορικών και Κλασικών Αρχαιοτήτων,Πόλη, 
Λεχαίου λιμήν,Αρχαία Κόρινθος,20007,Κόρινθος,ΛΖ΄ Εφορεία Προϊστορικών και Κλασικών Αρχαιοτήτων,Υποδομής, 
Λιθαρές,,,Θήβα,Θ΄ Εφορεία Προϊστορικών και Κλασικών Αρχαιοτήτων,Διαμονής, 
Λιλαία - Πολύδροσο,,33057,Κάτω Αγόριανη,Ι΄ Εφορεία Προϊστορικών και Κλασικών Αρχαιοτήτων,Πόλη, 
Λιμάνι Κέρκυρας,,,Κέρκυρα,Η΄ Εφορεία Προϊστορικών και Κλασικών Αρχαιοτήτων,Λιμενικές εγκαταστάσεις, 
Λίνδος,,85107,Λίνδος,ΚΒ΄ Εφορεία Προϊστορικών και Κλασικών Αρχαιοτήτων,Ιερό, 
Λίνδος,,85107,Λίνδος,ΚΒ΄ Εφορεία Προϊστορικών και Κλασικών Αρχαιοτήτων,Ακρόπολη, 
Λισός,,,Χανιά,ΚΕ΄ Εφορεία Προϊστορικών και Κλασικών Αρχαιοτήτων,Πόλη, 
Λοκρίδας Δυτικής οχυρώσεις,,33053,Λοκρίδα,Ι΄ Εφορεία Προϊστορικών και Κλασικών Αρχαιοτήτων,Ακρόπολη, 
Λουτρά (Γαλεριανό συγκρότημα),,,Θεσσαλονίκη,ΙΣΤ΄ Εφορεία Προϊστορικών και Κλασικών Αρχαιοτήτων,Λουτρά, 
Λυγιά,Ηγουμενίτσα,46100,Ηγουμενίτσα,ΛΒ΄ Εφορεία Προϊστορικών και Κλασικών Αρχαιοτήτων,Ακρόπολη, 
Λύκαιο Όρος,,,Άνω Καρυές,ΛΘ΄ Εφορεία Προϊστορικών και Κλασικών Αρχαιοτήτων,Ιερό, 
Μάλθη,,,Βασιλικό,ΛΗ΄ Εφορεία Προϊστορικών και Κλασικών Αρχαιοτήτων,Ακρόπολη, 
Μάλια,,70007,Μάλια,ΚΓ΄ Εφορεία Προϊστορικών και Κλασικών Αρχαιοτήτων,Πόλη, 
Μάνικα,Περιοχή Μάνικα Χαλκίδας,34100,Μάνικα,ΙΑ΄ Εφορεία Προϊστορικών και Κλασικών Αρχαιοτήτων,Προϊστορικός οικισμός, 
Μαντίνεια,,,Μαντίνεια,ΛΘ΄ Εφορεία Προϊστορικών και Κλασικών Αρχαιοτήτων,Πόλη, 
Μαξιμιανούπολις-Μοσυνούπολις,,,Μίσχος,15η Εφορεία Βυζαντινών Αρχαιοτήτων,Πόλη, 
"Μαραθώνας, Μπρεξίζα: Ιερό των Αιγυπτίων Θεών",,,Νέα Μάκρη,Β΄ Εφορεία Προϊστορικών και Κλασικών Αρχαιοτήτων,Ιερό, 
Μαστιλίτσα,,,Σαγιάδα,ΛΒ΄ Εφορεία Προϊστορικών και Κλασικών Αρχαιοτήτων,Ακρόπολη, 
Μεγαλόπολη,,,Μεγαλόπολη,Ε΄ Εφορεία Προϊστορικών και Κλασικών Αρχαιοτήτων,Πόλη, 
Μένδη,,63077,Καλάνδρα Παλλήνης,ΙΣΤ΄ Εφορεία Προϊστορικών και Κλασικών Αρχαιοτήτων,Πόλη, 
Μενελάειον Σπάρτης,,,Σπάρτη,Ε΄ Εφορεία Προϊστορικών και Κλασικών Αρχαιοτήτων,Ιερό, 
Μενελάειον Σπάρτης,,,Σπάρτη,Ε΄ Εφορεία Προϊστορικών και Κλασικών Αρχαιοτήτων,Πόλη, 
Μεσαιωνική Πόλη της Ρόδου,,85100,Ρόδος,4η Εφορεία Βυζαντινών Αρχαιοτήτων,Πόλη, 
Μεσολιθικός οικισμός Μαρουλάς,,,Κύθνος,ΚΑ΄ Εφορεία Προϊστορικών και Κλασικών Αρχαιοτήτων,Οικισμός, 
Μετέωρα,Καστράκι,,Καλαμπάκα,19η Εφορεία Βυζαντινών Αρχαιοτήτων,Μοναστηριακό Κέντρο, 
Μετοχιακό συγκρότημα Νέων Φλογητών,,,Νέα Φλογητά,10η Εφορεία Βυζαντινών Αρχαιοτήτων,Ενασχολήσεων, 
Μητρόπολη,Καρδίτσα,43100,Θεσσαλία,ΛΔ΄ Εφορεία Προϊστορικών και Κλασικών Αρχαιοτήτων,Οικιστικό σύνολο, 
Μιδέα,,21055,Μιδέα,Δ΄ Εφορεία Προϊστορικών και Κλασικών Αρχαιοτήτων,Ακρόπολη, 
Μίεζα,,59035,Λευκάδια,ΙΖ΄ Εφορεία Προϊστορικών και Κλασικών Αρχαιοτήτων,Πόλη, 
Μινώα Αμοργού,Αμοργός,84008,Μινώα Αμαργού,ΚΑ΄ Εφορεία Προϊστορικών και Κλασικών Αρχαιοτήτων,Οικισμός, 
Μιτόπολη,θέση Καραγιάννη,,Πάτρα,ΣΤ΄ Εφορεία Προϊστορικών και Κλασικών Αρχαιοτήτων,Νεκροταφείο, 
Μονεμβασιά,,,Μονεμβασιά,5η Εφορεία Βυζαντινών Αρχαιοτήτων,Πόλη - κάστρο, 
Μονή Οσίου Λουκά,,,Στείριο Βοιωτίας,23η Εφορεία Βυζαντινών Αρχαιοτήτων,Μοναστηριακό Κέντρο, 
Μόχλος,,72057,Μόχλος,ΚΔ΄ Εφορεία Προϊστορικών και Κλασικών Αρχαιοτήτων,Πόλη, 
Μυκηναϊκή Ακρόπολη Αγίου Ανδρέα,Λόφος Αγίου Ανδρέα - Κοινότητα Απολλωνίας Σίφνου,,Σίφνος,ΚΑ΄ Εφορεία Προϊστορικών και Κλασικών Αρχαιοτήτων,Ακρόπολη, 
Μυκηναϊκή Ακρόπολη Γλα,,,Κάστρο,Θ΄ Εφορεία Προϊστορικών και Κλασικών Αρχαιοτήτων,Ακρόπολη, 
Μυκηναϊκό νεκροταφείο Πυλώνα,,,Πυλώνα,ΚΒ΄ Εφορεία Προϊστορικών και Κλασικών Αρχαιοτήτων,Νεκροταφείο, 
Μυκηναϊκός οικισμός Χαλανδρίτσας,,,Πάτρα,ΣΤ΄ Εφορεία Προϊστορικών και Κλασικών Αρχαιοτήτων,Οικισμός, 
Μυκήνες,,,Μυκήνες,Δ΄ Εφορεία Προϊστορικών και Κλασικών Αρχαιοτήτων,Ακρόπολη, 
Μυστράς,,,Μυστράς,5η Εφορεία Βυζαντινών Αρχαιοτήτων,Αρχαιολογικά Μουσεία & Συλλογές, 
Μυστράς,,,Μυστράς,5η Εφορεία Βυζαντινών Αρχαιοτήτων,Θρησκευτικό κέντρο, 
Μυστράς,,,Μυστράς,5η Εφορεία Βυζαντινών Αρχαιοτήτων,Ανακτορικό συγκρότημα, 
"Ναυάγιο ""Κιόνων"" στη Σαπιέντζα Μεθώνης",,,Μεθώνη,Εφορεία Εναλίων Αρχαιοτήτων,Χώροι εκτός κατάταξης, 
"Ναυάγιο ""Σαρκοφάγων"" στη Σαπιέντζα Μεθώνης",,,Μεθώνη,Εφορεία Εναλίων Αρχαιοτήτων,Χώροι εκτός κατάταξης, 
Ναυάγιο εμπορικού πλοίου στην Περιστέρα,,,Αλόννησος,Εφορεία Εναλίων Αρχαιοτήτων,Χώροι εκτός κατάταξης, 
Νεκρομαντείο του Αχέροντα,,,Μεσοπόταμος,ΛΓ΄ Εφορεία Προϊστορικών και Κλασικών Αρχαιοτήτων,Νεκρικοί, 
Νεκροπόλεις,,,Νικόπολη,ΛΓ΄ Εφορεία Προϊστορικών και Κλασικών Αρχαιοτήτων,Νεκρόπολη, 
Νεκρόπολη Αγίας Παρασκευής Θεσσαλονίκης,,57001,Θεσσαλονίκη,ΙΣΤ΄ Εφορεία Προϊστορικών και Κλασικών Αρχαιοτήτων,Νεκρόπολη, 
Νεκρόπολη Αρμένων,,74100,Αρμένοι,ΚΕ΄ Εφορεία Προϊστορικών και Κλασικών Αρχαιοτήτων,Νεκρόπολη, 
Νεκρόπολη Δερβενίου,,54500,Δερβένι,ΙΣΤ΄ Εφορεία Προϊστορικών και Κλασικών Αρχαιοτήτων,Νεκρόπολη, 
Νεκρόπολη Κορακόνερου,,85100,Ρόδος,ΚΒ΄ Εφορεία Προϊστορικών και Κλασικών Αρχαιοτήτων,Νεκρόπολη, 
Νεκρόπολη περιοχής Αγίου Ιωάννη,,85100,Ρόδος,ΚΒ΄ Εφορεία Προϊστορικών και Κλασικών Αρχαιοτήτων,Νεκρόπολη, 
Νεκρόπολη Σίνδου,,57400,Σίνδος,ΙΣΤ΄ Εφορεία Προϊστορικών και Κλασικών Αρχαιοτήτων,Νεκρόπολη, 
Νεκρόπολη στο Φουρνί Αρχανών,,70100,Άνω Αρχάνες,ΚΓ΄ Εφορεία Προϊστορικών και Κλασικών Αρχαιοτήτων,Νεκρόπολη, 
Νεκροταφεία Πόλης Απολλωνίας,,,Νέα Απολλωνία,ΙΣΤ΄ Εφορεία Προϊστορικών και Κλασικών Αρχαιοτήτων,Νεκροταφείο, 
Νεκροταφείο,,,Άρτα,ΛΓ΄ Εφορεία Προϊστορικών και Κλασικών Αρχαιοτήτων,Νεκροταφείο, 
Νεκροταφείο Γυναικόκαστρου,,,Παλαιό Γυναικόκαστρο,ΙΣΤ΄ Εφορεία Προϊστορικών και Κλασικών Αρχαιοτήτων,Νεκροταφείο, 
Νεκροταφείο Μαζαρακιάς,,,Μαζαρακιά,ΛΒ΄ Εφορεία Προϊστορικών και Κλασικών Αρχαιοτήτων,Νεκροταφείο, 
Νεκροταφείο στο Καλαμάκι Ελαιοχωρίου,,,Ελαιοχώρι,ΣΤ΄ Εφορεία Προϊστορικών και Κλασικών Αρχαιοτήτων,Νεκροταφείο, 
Νεκροταφείο Τράπεζας Άνω Τούμπας Θεσσαλονίκης,,,Άνω Τούμπα,ΙΣΤ΄ Εφορεία Προϊστορικών και Κλασικών Αρχαιοτήτων,Νεκροταφείο, 
"Νεκροταφείο των τύμβων, Αίγαι",,,Βεργίνα,ΙΖ΄ Εφορεία Προϊστορικών και Κλασικών Αρχαιοτήτων,Νεκρόπολη, 
Νεολιθικός οικισμός Θέρμης,,,Θέρμη,ΙΣΤ΄ Εφορεία Προϊστορικών και Κλασικών Αρχαιοτήτων,Οικιστικό σύνολο, 
Νεολιθικός οικισμός Μακρυγιάλου,,60066,Μακρύγιαλος,ΚΖ΄ Εφορεία Προϊστορικών και Κλασικών Αρχαιοτήτων,Προϊστορικός οικισμός, 
Νεώρια ,,,Κέρκυρα,Η΄ Εφορεία Προϊστορικών και Κλασικών Αρχαιοτήτων,Υποδομής, 
Νικόπολη,,48100,Πρέβεζα,ΛΓ΄ Εφορεία Προϊστορικών και Κλασικών Αρχαιοτήτων,Πόλη, 
Νιόκαστρο,,,Πύλος,26η Εφορεία Βυζαντινών Αρχαιοτήτων,Οχυρωμένος οικισμός, 
Νιχώρια - Καρποφόρα,,,Θέση Νιχώρια,ΛΗ΄ Εφορεία Προϊστορικών και Κλασικών Αρχαιοτήτων,Προϊστορικός οικισμός, 
Νότια Κλιτύς Ακροπόλεως Αθηνών,,,Αθήνα,Α' Εφορεία Προϊστορικών και Κλασικών Αρχαιοτήτων,Κοινής Ωφέλειας, 
Ντόλιανη,Γεροπλάτανος Παραποτάμου,46100,Παραπόταμος,ΛΒ΄ Εφορεία Προϊστορικών και Κλασικών Αρχαιοτήτων,Οχυρωμένος οικισμός, 
Νυμφαίο - Σχολή Αριστοτέλους,,59200,Λευκάδια,ΙΖ΄ Εφορεία Προϊστορικών και Κλασικών Αρχαιοτήτων,Ιερό, 
Νυμφαίο - Σχολή Αριστοτέλους,,59200,Λευκάδια,ΙΖ΄ Εφορεία Προϊστορικών και Κλασικών Αρχαιοτήτων,Σχολή, 
Οικισμός  Μαυρομματίου Ιθώμης,,,Μαυρομμάτι,26η Εφορεία Βυζαντινών Αρχαιοτήτων,Οικισμός, 
Οικισμός Σιδαρίου,,,Σιδάρι,Η΄ Εφορεία Προϊστορικών και Κλασικών Αρχαιοτήτων,Οικισμός, 
Οικισμός της Καστάνιας ,,,Καστάνια Μάνης,26η Εφορεία Βυζαντινών Αρχαιοτήτων,Οικισμός, 
Ολυμπία,Αρχαία Ολυμπία,,Ολυμπία,Ζ΄ Εφορεία Προϊστορικών και Κλασικών Αρχαιοτήτων,Ιερό, 
Ολυμπιείο,Είσοδος από την Λεωφ. Βασ. Όλγας,,Αθήνα,Γ΄ Εφορεία Προϊστορικών και Κλασικών Αρχαιοτήτων,Ιερό, 
Όλυνθος,Χαλκιδική,63200,Όλυνθος,ΙΣΤ΄ Εφορεία Προϊστορικών και Κλασικών Αρχαιοτήτων,Πόλη, 
Όρραον,,48200,Αμμότοπος,ΛΓ΄ Εφορεία Προϊστορικών και Κλασικών Αρχαιοτήτων,Προϊστορικός οικισμός, 
Ορχομενός,,,Ορχομενός,Θ΄ Εφορεία Προϊστορικών και Κλασικών Αρχαιοτήτων,Ενασχολήσεων, 
Ορχομενός Αρκαδίας,,,Αρκαδικό Ορχομενού,ΛΘ΄ Εφορεία Προϊστορικών και Κλασικών Αρχαιοτήτων,Πόλη, 
Οχύρωση πόλης Σταγείρων,,,Στάγειρα,ΙΣΤ΄ Εφορεία Προϊστορικών και Κλασικών Αρχαιοτήτων,Οχύρωση, 
Οχύρωση Τίρυνθας,,,Τίρυνθα,Δ΄ Εφορεία Προϊστορικών και Κλασικών Αρχαιοτήτων,Τείχη, 
Παλαίκαστρο,,72300,Παλαίκαστρο,ΚΔ΄ Εφορεία Προϊστορικών και Κλασικών Αρχαιοτήτων,Προϊστορικός οικισμός, 
Παλαιό Γυναικόκαστρο,,61100,Γυναικόκαστρο,ΙΣΤ΄ Εφορεία Προϊστορικών και Κλασικών Αρχαιοτήτων,Νεκρικοί, 
Παλαιόκαστρο Καστελόριζου,,85111,Μεγίστη,4η Εφορεία Βυζαντινών Αρχαιοτήτων,Πόλη - κάστρο, 
Παλαιόκαστρο Μανδρακίου,,,Μανδράκι,ΚΒ΄ Εφορεία Προϊστορικών και Κλασικών Αρχαιοτήτων,Οχύρωση, 
Παλαιόπολη,Κανόνι,,Κέρκυρα,Η΄ Εφορεία Προϊστορικών και Κλασικών Αρχαιοτήτων,Εμπορικό κέντρο, 
Παλαιοχριστιανικές Βασιλικές Σφηκιάς,,,Σφηκιά,11η Εφορεία Βυζαντινών Αρχαιοτήτων,Θρησκευτικό κέντρο, 
Παλαιοχριστιανικές Φθιώτιδες Θήβαι,,,Νέα Αγχίαλος,7η Εφορεία Βυζαντινών Αρχαιοτήτων,Πόλη, 
Παλαιοχριστιανική Αμφίπολις,,65052,Αμφίπολη,12η Εφορεία Βυζαντινών Αρχαιοτήτων,Πόλη, 
Παλαιοχριστιανική βασιλική Λεωνίδη,,,Αρχαία Κόρινθος,25η Εφορεία Βυζαντινών Αρχαιοτήτων,Χριστιανικός ναός, 
Παλαιοχριστιανική βασιλική Λεωνίδη,,,Αρχαία Κόρινθος,25η Εφορεία Βυζαντινών Αρχαιοτήτων,Βασιλική, 
Παλαιοχριστιανική Νικόπολη,6ο χλμ Ε.Ο. Πρέβεζας - Ιωαννίνων,48100,Πρέβεζα,18η Εφορεία Βυζαντινών Αρχαιοτήτων,Πόλη, 
Παλαιοχριστιανικοί Φίλιπποι,,,Φίλιπποι,ΙΗ΄ Εφορεία Προϊστορικών και Κλασικών Αρχαιοτήτων,Πόλη, 
Παλαμάς,Καρδίτσα,43100,Θεσσαλία,ΛΔ΄ Εφορεία Προϊστορικών και Κλασικών Αρχαιοτήτων,Προϊστορικός οικισμός, 
Παναγιά η Κυρά,,,Νίσυρος,4η Εφορεία Βυζαντινών Αρχαιοτήτων,Μοναστηριακό Κέντρο, 
Παναγιά η Τσαμπίκα,,,Αρχάγγελος,4η Εφορεία Βυζαντινών Αρχαιοτήτων,Μοναστηριακό Κέντρο, 
Πανορμίτης,,85600,Σύμη,4η Εφορεία Βυζαντινών Αρχαιοτήτων,Μοναστηριακό Κέντρο, 
Πάνορμος,,,Δελφοί,Ι΄ Εφορεία Προϊστορικών και Κλασικών Αρχαιοτήτων,Οικισμός, 
Παπίκιον όρος,,,Σώστης,15η Εφορεία Βυζαντινών Αρχαιοτήτων,Μοναστηριακό Κέντρο, 
Παραδοσιακός Οικισμός Σερίφου,,,Σέριφος,2η Εφορεία Βυζαντινών Αρχαιοτήτων,Παραδοσιακός οικισμός, 
Παραδοσιακός Οικισμός Ύδρας,Υδρα,,Ύδρα,1η Εφορεία Βυζαντινών Αρχαιοτήτων,Παραδοσιακός οικισμός, 
Πελινναίον,,42100,Πετρόπορο,ΛΔ΄ Εφορεία Προϊστορικών και Κλασικών Αρχαιοτήτων,Πόλη, 
Πέλλα,Πέλλα,58005,Πέλλα,ΙΖ΄ Εφορεία Προϊστορικών και Κλασικών Αρχαιοτήτων,Πόλη, 
Πελλάνα Λακωνίας,,,Πελλάνα,Ε΄ Εφορεία Προϊστορικών και Κλασικών Αρχαιοτήτων,Πόλη, 
Περραιβική Τρίπολη,,40200,Επαρχία Ελασσόνας,ΙΕ΄ Εφορεία Προϊστορικών και Κλασικών Αρχαιοτήτων,Πόλη, 
Πετράς,,72200,Λεύκη,ΚΔ΄ Εφορεία Προϊστορικών και Κλασικών Αρχαιοτήτων,Πόλη, 
Πέτρες,,53200,Πέτρες,ΚΘ΄ Εφορεία Προϊστορικών και Κλασικών Αρχαιοτήτων,Πόλη, 
Πλαταιές,,,Πλαταιές,Θ΄ Εφορεία Προϊστορικών και Κλασικών Αρχαιοτήτων,Πόλη, 
Πλωτινόπολις,,68300,Διδυμότειχο,ΙΘ΄ Εφορεία Προϊστορικών και Κλασικών Αρχαιοτήτων,Κοινής Ωφέλειας, 
Πνύκα,,,Αθήνα,Α' Εφορεία Προϊστορικών και Κλασικών Αρχαιοτήτων,Διοικητικό Κέντρο, 
Πόλη Απολλωνίας,,,Νέα Απολλωνία,ΙΣΤ΄ Εφορεία Προϊστορικών και Κλασικών Αρχαιοτήτων,Οικιστικό σύνολο, 
Πόλις αρχαίας Θάσου,,,Λιμένας Θάσου,ΙΗ΄ Εφορεία Προϊστορικών και Κλασικών Αρχαιοτήτων,Πόλη, 
Πολυνέρι (Κούτσι),Πολυνέρι,46100,Ηγουμενίτσα,ΛΒ΄ Εφορεία Προϊστορικών και Κλασικών Αρχαιοτήτων,Διαμονής, 
Πολυρρήνια,,,Επαρχία Κισάμου,ΚΕ΄ Εφορεία Προϊστορικών και Κλασικών Αρχαιοτήτων,Νεκροταφείο, 
Πολυρρήνια,,,Επαρχία Κισάμου,ΚΕ΄ Εφορεία Προϊστορικών και Κλασικών Αρχαιοτήτων,Πόλη, 
Πολύστυλο,,,Άβδηρα,15η Εφορεία Βυζαντινών Αρχαιοτήτων,Πόλη - κάστρο, 
Πόρτες,,,Πάτρα,ΣΤ΄ Εφορεία Προϊστορικών και Κλασικών Αρχαιοτήτων,Νεκροταφείο, 
Ποτίδαια,,63200,Ποτίδαια,ΙΣΤ΄ Εφορεία Προϊστορικών και Κλασικών Αρχαιοτήτων,Πόλη, 
Προϊστορικός οικισμός Μακρυχωρίου,,40006,Μακρυχώρι,ΙΕ΄ Εφορεία Προϊστορικών και Κλασικών Αρχαιοτήτων,Προϊστορικός οικισμός, 
Προϊστορικός οικισμός Μύρινας,Ρηχά νερά,81400,Λήμνος,Κ΄ Εφορεία Προϊστορικών και Κλασικών Αρχαιοτήτων,Οικισμός, 
Προϊστορικός οικισμός Παλαιόσκαλας,,40003,Καλαμάκι,ΙΕ΄ Εφορεία Προϊστορικών και Κλασικών Αρχαιοτήτων,Προϊστορικός οικισμός, 
Προϊστορικός Οικισμός Συκεώνα,,,Θεσσαλία,ΛΔ΄ Εφορεία Προϊστορικών και Κλασικών Αρχαιοτήτων,Οικισμός, 
Πυθαγόρειο και Ηραίο Σάμου,Ηραίο,83103,Σάμος,ΚΑ΄ Εφορεία Προϊστορικών και Κλασικών Αρχαιοτήτων,Ιερό, 
Πύλη Λεόντων,,,Μυκήνες,Δ΄ Εφορεία Προϊστορικών και Κλασικών Αρχαιοτήτων,Πύλη, 
Πύργος Ραγίου,Ράγιο,46100,Ηγουμενίτσα,ΛΒ΄ Εφορεία Προϊστορικών και Κλασικών Αρχαιοτήτων,Πύργος, 
Ραβενή,,,Φιλιάτες,ΛΒ΄ Εφορεία Προϊστορικών και Κλασικών Αρχαιοτήτων,Ακρόπολη, 
Ραμνούς,"Δήμος Μαραθώνα, Δ.Ε. Γραμματικού",,Ραμνούντας,Β΄ Εφορεία Προϊστορικών και Κλασικών Αρχαιοτήτων,Ιερό, 
Ραμνούς,"Δήμος Μαραθώνα, Δ.Ε. Γραμματικού",,Ραμνούντας,Β΄ Εφορεία Προϊστορικών και Κλασικών Αρχαιοτήτων,Πόλη, 
Ροδίνι,,85100,Ρόδος,ΚΒ΄ Εφορεία Προϊστορικών και Κλασικών Αρχαιοτήτων,Νεκρόπολη, 
Ρωμαϊκά Λουτρά Ζαππείου,Κήπος Ζαππείου,,Αθήνα,Γ΄ Εφορεία Προϊστορικών και Κλασικών Αρχαιοτήτων,Λουτρά, 
Ρωμαϊκά Λουτρά Παλαιόπολης,,,Κέρκυρα,Η΄ Εφορεία Προϊστορικών και Κλασικών Αρχαιοτήτων,Λουτρά, 
Ρωμαϊκές θέρμες Αγ. Θωμά,Αγ. Θωμάς,,Μεσολόγγι,ΛΣΤ΄ Εφορεία Προϊστορικών και Κλασικών Αρχαιοτήτων,Λουτρά, 
Ρωμαϊκή Αγορά Αθηνών,,,Αθήνα,Α' Εφορεία Προϊστορικών και Κλασικών Αρχαιοτήτων,Αγορά, 
Ρωμαϊκή Αποικία της Πέλλας,,,Νέα Πέλλα,11η Εφορεία Βυζαντινών Αρχαιοτήτων,Πόλη, 
Ρωμαϊκή Αποικία της Πέλλας,,,Νέα Πέλλα,11η Εφορεία Βυζαντινών Αρχαιοτήτων,Εκκλησία, 
Σάμη Κεφαλονιάς,,,Σάμη,ΛΕ΄ Εφορεία Προϊστορικών και Κλασικών Αρχαιοτήτων,Ακρόπολη, 
Σέρβια,,,Σέρβια,17η Εφορεία Βυζαντινών Αρχαιοτήτων,Πόλη - κάστρο, 
Σέσκλο,,38500,Σέσκλο,ΙΓ' Εφορεία Προϊστορικών και Κλασικών Αρχαιοτήτων,Προϊστορικός οικισμός, 
Σιδηροκαύσια-Στάγειρα,,,Στάγειρα,10η Εφορεία Βυζαντινών Αρχαιοτήτων,Πόλη - κάστρο, 
Σιδηροκαύσια-Στάγειρα,,,Στάγειρα,10η Εφορεία Βυζαντινών Αρχαιοτήτων,Μεταλλευτικό συγκρότημα, 
Σικυών,Σικυώνα (πρώην Βασιλικό),,Σικυώνα,ΛΖ΄ Εφορεία Προϊστορικών και Κλασικών Αρχαιοτήτων,Πόλη, 
Σικυών,Σικυώνα (πρώην Βασιλικό),,Σικυώνα,ΛΖ΄ Εφορεία Προϊστορικών και Κλασικών Αρχαιοτήτων,Αγορά, 
Σκάρκος Ίου,Σκάρκος,,Ιος,ΚΑ΄ Εφορεία Προϊστορικών και Κλασικών Αρχαιοτήτων,Οικισμός, 
Σούριζα (Δρυμός) Λαυρεωτικής,,,Λαύριο,Β΄ Εφορεία Προϊστορικών και Κλασικών Αρχαιοτήτων,Μεταλλευτικό συγκρότημα, 
Σπαλιαρέικα,περιοχή ποταμού Σερβινής,,Πάτρα,ΣΤ΄ Εφορεία Προϊστορικών και Κλασικών Αρχαιοτήτων,Νεκροταφείο, 
Σπιναλόγκα,,,Σπιναλόγκα,13η Εφορεία Βυζαντινών Αρχαιοτήτων,Οχύρωση, 
Στάγειρα,,57014,Ολυμπιάδα,ΙΣΤ΄ Εφορεία Προϊστορικών και Κλασικών Αρχαιοτήτων,Πόλη, 
"Σταθμός ΜΕΤΡΟ ""Ελαιώνας""",,,Αθήνα,Γ΄ Εφορεία Προϊστορικών και Κλασικών Αρχαιοτήτων,Υποδομής, 
Στοά  Αβάτου Ιερού Ασκληπιού Επιδαύρου,,,Λυγουριό,Δ΄ Εφορεία Προϊστορικών και Κλασικών Αρχαιοτήτων,Στοά, 
"Στύλος, θέση Αζοϊρές",,,Αρμένοι,ΚΕ΄ Εφορεία Προϊστορικών και Κλασικών Αρχαιοτήτων,Οικισμός, 
Συγκρότημα χώρων (Νέα Ρόδα),,,Νέα Ρόδα,ΙΣΤ΄ Εφορεία Προϊστορικών και Κλασικών Αρχαιοτήτων,Υποδομής, 
Συία ,,,Σούγια,ΚΕ΄ Εφορεία Προϊστορικών και Κλασικών Αρχαιοτήτων,Πόλη, 
Συνοικία Λαδέμπορου,,,Μυκήνες,Δ΄ Εφορεία Προϊστορικών και Κλασικών Αρχαιοτήτων,Διαμονής, 
Συνοικία Λαδέμπορου,,,Μυκήνες,Δ΄ Εφορεία Προϊστορικών και Κλασικών Αρχαιοτήτων,Κέντρα Διοίκησης, 
Συνοικία Ντόλτσο,,,Καστοριά,16η Εφορεία Βυζαντινών Αρχαιοτήτων,Οικιστικό σύνολο, 
Τάρρα,,73011,Αγία Ρούμελη,ΚΕ΄ Εφορεία Προϊστορικών και Κλασικών Αρχαιοτήτων,Οικισμός, 
Ταφικός περίβολος Ρίζιανης,Άγιος Γεώργιος (Ρίζιανη),461 00,Παραπόταμος,ΛΒ΄ Εφορεία Προϊστορικών και Κλασικών Αρχαιοτήτων,Νεκροταφείο, 
Τείχος Δυμαίων,,,Πάτρα,ΣΤ΄ Εφορεία Προϊστορικών και Κλασικών Αρχαιοτήτων,Ακρόπολη, 
Τίρυνθα,,,Τίρυνθα,Δ΄ Εφορεία Προϊστορικών και Κλασικών Αρχαιοτήτων,Οχύρωση, 
Τίρυνθα,,,Τίρυνθα,Δ΄ Εφορεία Προϊστορικών και Κλασικών Αρχαιοτήτων,Ακρόπολη, 
Τολοφώνα,,,Δελφοί,Ι΄ Εφορεία Προϊστορικών και Κλασικών Αρχαιοτήτων,Οικισμός, 
Τορώνη,,63072,Τορώνη,ΙΣΤ΄ Εφορεία Προϊστορικών και Κλασικών Αρχαιοτήτων,Πόλη, 
Τούμπα Θεσσαλονίκης,,,Θεσσαλονίκη,ΙΣΤ΄ Εφορεία Προϊστορικών και Κλασικών Αρχαιοτήτων,Οικισμός, 
Τράπεζα Άνω Τούμπας Θεσσαλονίκης,,,Άνω Τούμπα,ΙΣΤ΄ Εφορεία Προϊστορικών και Κλασικών Αρχαιοτήτων,Οικισμός, 
Τράπεζα Θέρμης,,,Θέρμη,ΙΣΤ΄ Εφορεία Προϊστορικών και Κλασικών Αρχαιοτήτων,Οικιστικό σύνολο, 
Τρυπητός,,,Σητεία,ΚΔ΄ Εφορεία Προϊστορικών και Κλασικών Αρχαιοτήτων,Πόλη, 
Τύλισος,,71500,Τύλισος,ΚΓ΄ Εφορεία Προϊστορικών και Κλασικών Αρχαιοτήτων,Διοικητικό Κέντρο, 
Τύμβος Συκεώνα,,,Θεσσαλία,ΛΔ΄ Εφορεία Προϊστορικών και Κλασικών Αρχαιοτήτων,Ταφικοί Τύμβοι, 
Υπαίθριος εκθεσιακός χώρος Πλατείας Συντάγματος,Πλατεία Συντάγματος,,Αθήνα,Γ΄ Εφορεία Προϊστορικών και Κλασικών Αρχαιοτήτων,Νεκροταφείο, 
Υποβρύχια σωστική ανασκαφή στο λιμάνι Παροικιάς Πάρου,,,Πάρος,Εφορεία Εναλίων Αρχαιοτήτων,Λιμενικές εγκαταστάσεις, 
Ύρια,,,Λιβάδι Νάξου,ΚΑ΄ Εφορεία Προϊστορικών και Κλασικών Αρχαιοτήτων,Ιερό, 
Υρτακίνα,,,Δήμος Ανατολικού Σελίνου,ΚΕ΄ Εφορεία Προϊστορικών και Κλασικών Αρχαιοτήτων,Νεκροταφείο, 
Υρτακίνα,,,Δήμος Ανατολικού Σελίνου,ΚΕ΄ Εφορεία Προϊστορικών και Κλασικών Αρχαιοτήτων,Πόλη, 
Φαιστός,,70200,Φαιστός,ΚΓ΄ Εφορεία Προϊστορικών και Κλασικών Αρχαιοτήτων,Πόλη, 
Φαλάσαρνα,,73400,Φαλάσαρνα,ΚΕ΄ Εφορεία Προϊστορικών και Κλασικών Αρχαιοτήτων,Λιμενικές εγκαταστάσεις, 
Φαλάσαρνα,,73400,Φαλάσαρνα,ΚΕ΄ Εφορεία Προϊστορικών και Κλασικών Αρχαιοτήτων,Πόλη, 
Φεραί,,37500,Βελεστίνο,ΙΓ' Εφορεία Προϊστορικών και Κλασικών Αρχαιοτήτων,Πόλη, 
Φθιώτιδες Θήβες,,37400,Νέα Αγχίαλος,ΙΓ' Εφορεία Προϊστορικών και Κλασικών Αρχαιοτήτων,Πόλη, 
Φίλια - Ιερό Ιτωνίας Αθηνάς,Φίλια,,Θεσσαλία,ΛΔ΄ Εφορεία Προϊστορικών και Κλασικών Αρχαιοτήτων,Ιερό, 
Φίλιπποι,,,Φίλιπποι,ΙΗ΄ Εφορεία Προϊστορικών και Κλασικών Αρχαιοτήτων,Πόλη, 
Φραγκοκάστελλο Σφακίων,,,Χανιά,28η Εφορεία Βυζαντινών Αρχαιοτήτων,Λατρευτικοί, 
Φραγκοκάστελλο Σφακίων,,,Χανιά,28η Εφορεία Βυζαντινών Αρχαιοτήτων,Αμυντικοί, 
Φράγμα Επτά Πηγών,,,Αρχάγγελος,Υπηρεσία Νεωτέρων Μνημείων και Τεχνικών Έργων Δωδεκανήσου,Υποδομής, 
Φρούριο,,,Σούνιο,Β΄ Εφορεία Προϊστορικών και Κλασικών Αρχαιοτήτων,Αμυντικοί, 
Φρούριο Παλαμηδίου,Λόφος Παλαμηδίου,211 00,Ναύπλιο,25η Εφορεία Βυζαντινών Αρχαιοτήτων,Οχύρωση, 
Φρούριο Παλαμηδίου,Λόφος Παλαμηδίου,211 00,Ναύπλιο,25η Εφορεία Βυζαντινών Αρχαιοτήτων,Κάστρο, 
Φρούριο Παλαμηδίου,Λόφος Παλαμηδίου,211 00,Ναύπλιο,25η Εφορεία Βυζαντινών Αρχαιοτήτων,Μπαρόκ, 
Φρούριο Φυλής,,,Φυλή,Β΄ Εφορεία Προϊστορικών και Κλασικών Αρχαιοτήτων,Αμυντικοί, 
Φυλακωπή Μήλου,Μήλος,,Φυλακωπή Μήλου,ΚΑ΄ Εφορεία Προϊστορικών και Κλασικών Αρχαιοτήτων,Πόλη, 
Χαιρώνεια,,,Χαιρώνεια,Θ΄ Εφορεία Προϊστορικών και Κλασικών Αρχαιοτήτων,Προϊστορικός οικισμός, 
Χάλειον,,33052,Γαλαξείδι,Ι΄ Εφορεία Προϊστορικών και Κλασικών Αρχαιοτήτων,Οχύρωση, 
Χαλκουργεία,,,Αθήνα,Α' Εφορεία Προϊστορικών και Κλασικών Αρχαιοτήτων,Ενασχολήσεων, 
Χρυσόπολις-Ηϊόνα,,,Οφρύνιον,12η Εφορεία Βυζαντινών Αρχαιοτήτων,Πόλη, 
Χώρα της Αμοργού,,,Χώρα Αμοργού,2η Εφορεία Βυζαντινών Αρχαιοτήτων,Προϊστορικός οικισμός, 
Χώρος θυσίας Καλαβρύτων,,,Καλάβρυτα,Υπηρεσία Νεωτέρων Μνημείων και Τεχνικών Έργων Δυτικής Ελλάδας,Αναμνηστικού - Διακοσμητικού χαρακτήρα, 
Ψάρι,,,Ψάρι Τριφυλίας,ΛΗ΄ Εφορεία Προϊστορικών και Κλασικών Αρχαιοτήτων,Θολωτοί τάφοι, 
