   ,ΤΙΤΛΟΣ,ΕΠΙΧΕΙΡΗΜΑΤΙΑΣ,ΔΙΕΥΘΥΝΣΗ,ΤΚ,ΠΕΡΙΦΕΡΕΙΑ,ΠΕΡΙΦΕΡΕΙΑΚΗ_ΕΝΟΤΗΤΑ,ΚΩΔΙΚΟΣ ΔΗΜΟΥ,ΔΗΜΟΣ,ΤΗΛΕΦΩΝΟ,EMAIL,ΤΑΞΗ,ΗΜ.ΕΚΔΟΣΗΣ ΑΔΕΙΑΣ,ΕΤΟΣ_ΠΡΩΤΗΣ_ΛΕΙΤΟΥΡΓΙΑΣ,ΕΓΚΕΚΡΙΜΕΝΟΣ ΑΡΙΘΜΟΣ ΘΕΣΕΩΝ,ΕΓΚΕΚΡΙΜΕΝΟΣ ΑΡΙΘΜΟΣ ΚΑΤΑΛΛΥΜΑΤΩΝ,ΕΓΚΕΚΡΙΜΕΝΟΣ ΑΡΙΘΜΟΣ ΑΤΟΜΩΝ
1,CΑMPING ΔΗΜΟΥ ΑΛΕΞΑΝΔΡΟΥΠΟΛΗΣ,,ΛΕΩΦ. ΜΑΚΡΗΣ 1,68100,Αν. Μακεδονίας και Θράκης,Έβρου,9006,ΑΛΕΞΑΝΔΡΟΥΠΟΛΗΣ,2551026055,,0Α,,,216,,648
2,ΔΗΜΟΤΙΚΟ ΚΑΜΠΙΝΓΚ ΒΑΡΑΔΕΣ,,ΘΕΡΜΑ,68002,Αν. Μακεδονίας και Θράκης,Έβρου,9009,ΣΑΜΟΘΡΑΚΗΣ,551350811,,0Δ,,,,,
3,ΝΑΤΟΥΡΑ,,ΜΑΝΔΡΑ ΑΒΔΗΡΩΝ,67100,Αν. Μακεδονίας και Θράκης,Ξάνθης,9015,ΑΒΔΗΡΩΝ,2541051040,,0Γ,,,,,
4,CAMPING ΦΑΝΑΡΙΟΥ,ΕΤΑΙΡΕΙΑ ΤΟΥΡΙΣΤΙΚΗΣ ΑΝΑΠΤΥΞΗΣ Α.Ε.,ΦΑΝΑΡΙ,67053,Αν. Μακεδονίας και Θράκης,Ροδόπης,9021,ΚΟΜΟΤΗΝΗΣ,2535031219,,0Α,,,180,,540
5,ΚΡΥΟΝΕΡΙ,Σ. ΚΑΖΗ-Ι.ΜΙΧΕΛΗ Ο.Ε.,ΚΡΥΟΝΕΡΙ ΠΡΟΣΚΥΝΗΤΩΝ,69400,Αν. Μακεδονίας και Θράκης,Ροδόπης,9022,ΜΑΡΩΝΕΙΑΣ-ΣΑΠΩΝ,2533061133,,0Γ,,2008,56,,224
6,ΑΤΣΙΟΤ CAMPING,,,,Αττικής,Πειραιώς,9202,ΚΕΡΑΤΣΙΝΙΟΥ - ΔΡΑΠΕΤΣΩΝΑΣ,,,5Α,,,,,
7,ΧΙΟΣ ΚΑΜΠΙΝΓΚ,ΖΑΝΝΙΚΟΣ Α. ΚΑΙ ΣΙΑ Ε.Ε,ΑΓΙΟΣ ΙΣΙΔΩΡΟΣ,82300,Βορείου Αιγαίου,Χίου,9266,ΧΙΟΥ,74111-113-135-157,,0Γ,4/6/1990,1990,72,0,216
8,ΚΕΚΡΟΠΙΑ,ΒΡΑΧΩΡΙΤΗΣ ΔΗΜΗΤΡΙΟΣ ΤΟΥ ΚΩΝ/ΝΟΥ,ΠΑΛΑΙΡΟΣ ΑΙΤ/ΝΙΑΣ,30012,Δυτικής Ελλάδας,Αιτωλοακαρνανίας,9124,ΑΚΤΙΟΥ-ΒΟΝΙΤΣΑΣ,0643-41331,,0Β,11/22/2000,2000,45,0,180
9,ΝΤΟΥΝΗΣ ΚΑΜΠΙΝΓΚ,ΝΤΟΥΝΗ ΑΓΓΕΛΙΚΗ,ΑΝΤΙΡΡΙΟ,30002,Δυτικής Ελλάδας,Αιτωλοακαρνανίας,9128,ΝΑΥΠΑΚΤΙΑΣ,0634-31565/31665,,0Γ,5/9/1995,1995,90,0,270
10,"""ΙΟΝΙΟΝ""",ΜΟΥΧΑ ΛΑΜΠΡΙΝΗ ΚΑΙ ΘΕΟΔΩΡΟΣ,ΜΥΤΙΚΑΣ ΑΙΤΩΛ/ΝΙΑΣ,30019,Δυτικής Ελλάδας,Αιτωλοακαρνανίας,9129,ΞΗΡΟΜΕΡΟΥ,0646-71224 81110,,0Γ,,1999,40,0,160
11,ΑΛΥΖΙΑ,ΤΣΙΝΑΣ ΕΥΘΥΜΙΟΣ,ΠΑΛΙΟΒΑΡΚΑ,30019,Δυτικής Ελλάδας,Αιτωλοακαρνανίας,9129,ΞΗΡΟΜΕΡΟΥ,,,0Γ,1/21/1997,1997,40,0,160
12,ΛΕΜΟΝ ΜΠΗΤΣ-LEMON BEACH,ΔΡΙΒΑΣ ΓΕΩΡΓΙΟΣ,ΣΥΛΙΒΑΙΝΙΩΤΙΚΑ,25006,Δυτικής Ελλάδας,Αχαίας,9130,ΑΙΓΙΑΛΕΙΑΣ,0696-31369,,0Γ,6/18/1979,1979,60,0,180
13,ΑΚΤΗ ΑΚΡΑΤΑ,ΤΖΑΒΕΛΑΣ ΕΜΜΑΝΟΥΗΛ ΤΟΥ ΓΕΩΡΓΙΟΥ,ΠΟΡΡΟΒΙΤΣΑ ΑΙΓΙΑΛΕΙΑΣ,25006,Δυτικής Ελλάδας,Αχαίας,9130,ΑΙΓΙΑΛΕΙΑΣ,26960-31988,,0Γ,5/11/1975,1975,42,0,126
14,ΤΣΩΛΗΣ,ΤΣΩΛΗΣ ΚΩΝ/ΝΟΣ,ΛΑΜΠΙΡΙ,25009,Δυτικής Ελλάδας,Αχαίας,9130,ΑΙΓΙΑΛΕΙΑΣ,0691-31469,,0Γ,12/27/1984,1984,87,0,261
15,ΑΧΑΪΑ ΜΕΝΤ,BLU AND WHITE SERVICES HOTELS ΞΕΝ/ΚΕΣ ΕΠΙΧ/ΣΕΙΣ ΑΕ,ΛΑΜΠΙΡΙ,25009,Δυτικής Ελλάδας,Αχαίας,9130,ΑΙΓΙΑΛΕΙΑΣ,2691032226,,0Γ,,2004,,188,378
16,ΑΚΟΛΙ ΜΠΗΤΣ,ΑΝΤΩΝΟΠΟΥΛΟΣ ΓΕΩΡΓΙΟΣ,ΡΟΔΟΔΑΦΝΗ,25100,Δυτικής Ελλάδας,Αχαίας,9130,ΑΙΓΙΑΛΕΙΑΣ,0691-71317/71003,,0Γ,10/12/1982,1982,25,0,75
17,ΑΚΤΗ ΝΙΦΟΡΕΙΚΑ,ΑΝΔΡΙΚΟΠΟΥΛΟΣ ΧΡΗΣ.& ΓΕΩΡ.& ΣΙΑ ΕΕ,ΘΑΛΑΣΣΑ ΝΙΦΟΡΕΙΚΩΝ,25200,Δυτικής Ελλάδας,Αχαίας,9131,ΔΥΤΙΚΗΣ ΑΧΑΙΑΣ,0693-22539/22890,,0Γ,8/8/1979,1979,40,8,192
18,ΚΑΤΩ ΑΛΙΣΣΟΣ,ΝΤΕΜΙΡΗΣ ΚΩΝ/ΝΟΣ,ΚΑΤΩ ΑΛΙΣΣΟΣ,25002,Δυτικής Ελλάδας,Αχαίας,9131,ΔΥΤΙΚΗΣ ΑΧΑΙΑΣ,26930-71249,,0Γ,5/3/1979,1979,60,0,180
19,GOLDEN SUNSET,ΑΜΑΖΩΝ Θ.ΟΡΚΟΠΟΥΛΟΣ ΤΟΥΡ/ΚΕΣ & ΞΕΝ/ΚΕΣ ΕΠΙΧ/ΣΕΙΣ ΕΠΕ,ΑΝΩ ΑΛΙΣΣΟΣ,25002,Δυτικής Ελλάδας,Αχαίας,9131,ΔΥΤΙΚΗΣ ΑΧΑΙΑΣ,26930-71276,,0Β,7/3/1995,1982,120,0,360
20,RIO MARE,ΧΙΩΤΗΣ ΘΕΟΦΙΛΟΣ ΤΟΥ ΝΙΚΟΛΑΟΥ,ΡΙΟ ΠΑΤΡΩΝ,26500,Δυτικής Ελλάδας,Αχαίας,9134,ΠΑΤΡΕΩΝ,061-992263,,0Γ,3/21/2000,2000,12,0,36
21,ΡΙΟΝ,ΓΙΑΝΝΟΥΛΗ ΑΓΑΘΗ,ΡΙΟΝ,26500,Δυτικής Ελλάδας,Αχαίας,9134,ΠΑΤΡΕΩΝ,061-991585/993388,,0Γ,6/8/1982,1982,44,0,132
22,ΠΑΡΑΔΕΙΣΟΣ,ΚΡΕΖΙΑΣ ΑΞΤΕΕ,ΨΑΡΟΥ-ΜΕΣΟ ΓΕΡΑΚΑΡΙ,29100,Δυτικής Ελλάδας,Ζακύνθου,9116,ΖΑΚΥΝΘΟΥ,26950-61888/62185,,0Γ,5/9/1995,1995,54,0,162
23,ΑΛΥΚΕΣ,ΠΑΤΡΙΝΟΥ ΑΓΓΕΛΙΚΗ,ΚΑΤΑΣΤΑΡΙ,29100,Δυτικής Ελλάδας,Ζακύνθου,9116,ΖΑΚΥΝΘΟΥ,0695-83583,,0Γ,5/9/1995,1995,72,0,216
24,ΛΑΓΑΝΑΣ ΚΑΜΠΙΝΓΚ,ΑΝΔΡΕΩΛΑΣ ΔΗΜΗΤΡΙΟΣ Α.Ξ.Τ.Ε,ΑΓ.ΣΩΣΤΗΣ ΛΙΘΑΚΙΑ,29092,Δυτικής Ελλάδας,Ζακύνθου,9116,ΖΑΚΥΝΘΟΥ,0695-51708/51585,,0Γ,5/9/1995,1995,84,0,252
25,ΤΑΡΤΑΡΟΥΓΑ,ΤΑΡΤΑΡΟΥΓΑ ΚΑΜΠΙΝΓΚ ΤΟΥΡΙΣΤΙΚΗ ΑΕ,ΛΙΘΑΚΙΑ ΖΑΚΥΝΘΟΥ,29092,Δυτικής Ελλάδας,Ζακύνθου,9116,ΖΑΚΥΝΘΟΥ,0695-51967,,0Β,5/9/1995,1995,101,0,303
26,ΜΕΛΙΣΣΑ - MELISSA,ΠΑΝΤΑΖΗΣ Ν. ΚΑΙ ΣΙΑ ΟΕ,ΚΑΣΤΡΟ ΗΛΕΙΑΣ,27050,Δυτικής Ελλάδας,Ηλείας,9135,ΑΝΔΡΑΒΙΔΑΣ-ΚΥΛΛΗΝΗΣ,0623-95213,,0Γ,12/18/1991,1991,80,0,240
27,ΦΟΥΡΝΙΑ ΑΚΤΗ-FOURNIA BEACH,ΔΗΜ.Π.ΛΕΥΚΑΔΙΤΗΣ κ ΣΙΑ ΕΠΕ,ΦΟΥΡΝΙΑ ΚΑΣΤΡΟΥ ΗΛΕΙΑΣ,27050,Δυτικής Ελλάδας,Ηλείας,9135,ΑΝΔΡΑΒΙΔΑΣ-ΚΥΛΛΗΝΗΣ,0623-22686,,0Β,9/24/2001,2001,59,15,296
28,ΥΑ/ΕΟΤ ΚΑΜΠΙΝΓΚ Ι.Π. ΚΥΛΛΗΝΗΣ,ΥΑ/ΕΟΤ ΚΑΜΠΙΝΓΚ Ι.Π. ΚΥΛΛΗΝΗΣ,ΛΟΥΤΡΑ ΚΥΛΛΗΝΗΣ,27068,Δυτικής Ελλάδας,Ηλείας,9135,ΑΝΔΡΑΒΙΔΑΣ-ΚΥΛΛΗΝΗΣ,0623-96254 & 96259,,0Α,,1995,120,41,518
29,ΝΤΙΑΝΑ,ΚΟΣΜΟΠΟΥΛΟΣ Θ.Θ.Α ΑΕ,ΧΟΥΝΕΣ,27065,Δυτικής Ελλάδας,Ηλείας,9136,ΑΝΔΡΙΤΣΑΙΝΑΣ-ΚΡΕΣΤΕΝΩΝ,0624-22314/22945,,0Γ,5/9/1995,1995,42,0,126
30,ΟΛΥΜΠΙΑ,ΜΑΜΟΥΣΗΣ ΙΩΑΝΝΗΣ ΤΟΥ ΓΕΩΡΓΙΟΥ,ΟΛΥΜΠΙΑ,27065,Δυτικής Ελλάδας,Ηλείας,9137,ΑΡΧΑΙΑΣ ΟΛΥΜΠΙΑΣ,6944321637,,0Β,6/6/1982,1982,73,0,219
31,ΑΛΦΕΙΟΣ-CAMPING,ΑΛΦΕΙΟΣ ΑΤΕΒΕ,ΑΡΧΑΙΑ ΟΛΥΜΠΙΑ ΗΛΕΙΑΣ,27065,Δυτικής Ελλάδας,Ηλείας,9137,ΑΡΧΑΙΑΣ ΟΛΥΜΠΙΑΣ,0624-22951/2,,0Γ,5/2/1995,1995,97,0,291
32,APOLLON  VILLAGE,ΑΠΟΛΛΩΝ ΤΟΥΡΙΣΤ.ΕΠΙΧ.ΕΠΕ,ΓΙΑΝΝΙΤΣΟΧΩΡΙ ΗΛΕΙΑΣ,27054,Δυτικής Ελλάδας,Ηλείας,9138,ΖΑΧΑΡΩΣ,0625-61200,,0Γ,4/28/1988,1988,63,0,189
33,ΠΑΛΟΥΚΙ,ΕΛΙΣΑΒΕΤ ANΔΡΙΟΠΟΥΛΟΥ  ΝΑΤΑΛΙΑ ΑΝΔΡΙΟΠΟΥΛΟΥ Ο.Ε.,ΠΑΛΟΥΚΙ ΑΜΑΛΙΑΔΟΣ,27200,Δυτικής Ελλάδας,Ηλείας,9139,ΗΛΙΔΑΣ,0622-24942,,0Γ,9/9/1996,1996,61,0,244
34,ΚΟΥΡΟΥΤΑ,ΑΝΔΡΙΟΠΟΥΛΟY ΦΩΤΕΙΝΗ,ΚΟΥΡΟΥΤΑ,27200,Δυτικής Ελλάδας,Ηλείας,9139,ΗΛΙΔΑΣ,0622-22901,,0Β,6/23/1972,1972,84,0,252
35,ΠΑΡΑΔΕΙΣΟΣ ΚΑΡ ΚΑΜΠΙΓΚ,ΔΗΜΗΤΡΙΟΣ ΚΩΝΣΤΑΝΤΟΠΟΥΛΟΣ & ΣΙΑ ΟΕ,ΠΑΛΟΥΚΙ - ΑΜΑΛΙΑΔΑΣ,27200,Δυτικής Ελλάδας,Ηλείας,9139,ΗΛΙΔΑΣ,2622022721,,0Γ,6/10/1972,1972,114,,342
36,ΔΗΜΟΤΙΚΟ ΚΑΜΠΙΝΓΚ ΚΟΥΡΟΥΤΑΣ,ΑΜΑΛΙΑΔΟΣ ΔΗΜ.ΕΠΙΧ/ΣΗ ΤΟΥΡ.& ΠΟΛΙΤΙΣΤΙΚΗΣ ΑΝΑΠΤΥΞΗΣ,ΚΟΥΡΟΥΤΑ,27200,Δυτικής Ελλάδας,Ηλείας,9139,ΗΛΙΔΑΣ,0622-28543,,0Γ,8/5/1981,1981,166,0,500
37,ΙΟΝΙΟΝ ΑΚΤΗ,ΙΟΝΙΟΝ ΑΚΤΗ Α.Ε.,ΓΛΥΦΑ ΛΥΓΙΑΣ ΗΛΕΙΑΣ,27050,Δυτικής Ελλάδας,Ηλείας,9140,ΠΗΝΕΙΟΥ,0623-96395/6,,0Β,5/9/1995,1995,100,0,300
38,ΑΓΚΙΝΑΡΑ ΑΚΤΗ,ΘΕΟΔΩΡΟΠΟΥΛΟΣ ΓΕΩΡΓΙΟΣ,ΛΥΓΙΑ ΗΛΕΙΑΣ,27050,Δυτικής Ελλάδας,Ηλείας,9140,ΠΗΝΕΙΟΥ,0623-96211,,0Γ,7/3/1995,1995,78,0,234
39,ΚΑΜΠΙΝΓΚ ΑΡΓΟΣΤΟΛΙ,ΒΑΛΕΤΤΑ ΣΤΕΦΑΝΙΑ & ΣΙΑ ΟΕ,ΦΑΝΑΡΙ ΑΡΓΟΣΤΟΛΙΟΥ ΚΕΦ.,28100,Δυτικής Ελλάδας,Κεφαλληνίας,9120,ΚΕΦΑΛΟΝΙΑΣ,0671-23487,,0Γ,5/9/1995,1982,156,0,468
40,ΚΑΡΑΒΟΜΥΛΟΣ ΑΚΤΗ,ΒΑΛΕΤΤΑ ΣΤΕΦΑΝΙΑ & ΣΙΑ Ε.Ε.,ΣΑΜΗ ΚΕΦ/ΝΙΑΣ,28080,Δυτικής Ελλάδας,Κεφαλληνίας,9120,ΚΕΦΑΛΟΝΙΑΣ,0674-22480,,0Γ,,1982,243,0,729
41,ΔΡΕΠΑΝΟ,ΔΗΜΟΤΙΚΗ ΕΠΙΧΕΙΡΗΡΣΗ ΑΝΑΠΤΥΞΗΣ ΗΓΟΥΜΕΝΙΤΣΑΣ,ΔΡΕΠΑΝΟ ΗΓΟΥΜΕΝΙΤΣΑΣ,46100,Ηπείρου,Θεσπρωτίας,9077,ΗΓΟΥΜΕΝΙΤΣΗΣ,2665024442,,0Γ,,2000,110,,330
42,ΣΟΦΑΣ,ΖΟΡΚΑΔΗ ΕΛΕΝΗ,ΠΕΡΔΙΚΑ ΘΕΣΠΡΩΤΙΑΣ,46100,Ηπείρου,Θεσπρωτίας,9077,ΗΓΟΥΜΕΝΙΤΣΗΣ,2665091478,,0Γ,,1982,40,,120
43,ΕΛΕΝΑ,ΘΕΟΔΩΡΙΔΗΣ ΓΕΩΡΓΙΟΣ &ΣΙΑ ΟΕ.,ΠΛΑΤΑΡΙΑ ΘΕΣΠΡΩΤΙΑΣ,461 00,Ηπείρου,Θεσπρωτίας,9077,ΗΓΟΥΜΕΝΙΤΣΗΣ,2665-0-24884,,0Γ,6/9/2000,2000,42,,168
44,ΝΑΥΤΙΛΟΣ,ΒΑΣΣΟΣ ΦΩΤΙΟΣ,ΣΥΒΟΤΑ ΘΕΣΠΡΩΤΙΑΣ,46100,Ηπείρου,Θεσπρωτίας,9077,ΗΓΟΥΜΕΝΙΤΣΗΣ,2665071416,vassosf@otenet.gr,0Γ,,1988,113,,339
45,ΑΚΤΗ ΚΑΛΑΜΙ -,ΒΑΣΣΟΣ ΑΝΑΣΤΑΣΙΟΣ Ο.Ε.,ΠΛΑΤΑΡΙΑ ΘΕΣΠΡΩΤΙΑΣ,461 00,Ηπείρου,Θεσπρωτίας,9077,ΗΓΟΥΜΕΝΙΤΣΗΣ,2665-0-71211,,0Γ,,1979,67,0,201
46,ΛΙΜΝΟΠΟΥΛΑ,ΝΑΥΤΙΚΟΣ ΟΜΙΛΟΣ ΙΩΑΝΝΙΝΩΝ,ΚΑΝΑΡΗ 10,45445,Ηπείρου,Ιωαννίνων,9084,ΙΩΑΝΝΙΤΩΝ,2651038060,,0Β,,1988,70,,210
47,ΠΑΡΓΑ,ΓΕΩΡΓΙΟΥ ΔΑΦΝΗ,ΠΑΡΓΑ ΠΡΕΒΕΖΗΣ,48060,Ηπείρου,Πρεβέζης,9089,ΠΑΡΓΑΣ,2684031161,,0Γ,,1977,45,,135
48,ΒΑΛΤΟΣ,ΚΛΟΤΣΩΝΗΣ ΔΗΜΟΣΘΕΝΗΣ & ΣΙΑ Ε.Ε.,ΠΑΡΓΑΣ ΠΡΕΒΕΖΗΣ,48060,Ηπείρου,Πρεβέζης,9089,ΠΑΡΓΑΣ,2684031287,,0Γ,4/14/1995,1995,92,,276
49,ENJOY ΛΥΧΝΟΣ,ΚΥΡΙΑΚΗΣ ΑΝΑΣΤΑΣΙΟΣ Α.Ε.,ΠΑΡΓΑ ΠΡΕΒΕΖΗΣ,48060,Ηπείρου,Πρεβέζης,9089,ΠΑΡΓΑΣ,2684031171,,0Γ,4/14/1995,1995,120,22,450
50,ΑΚΡΟΓΙΟΛΙ,ΜΗΤΟΣ ΑΠΟΣΤΟΛΟΣ,ΠΑΡΑΛΙΑ ΡΙΖΩΝ ΠΡΕΒΑΖΗΣ,48100,Ηπείρου,Πρεβέζης,9090,ΠΡΕΒΕΖΗΣ,2684056382,,0Γ,4/14/1995,1995,26,,104
51,ΜΟΝΟΛΙΘΙ-,ΠΕΤΡΟΣ ΒΕΤΣΟΣ ΚΑΙ ΣΙΑ Ο.Ε.,ΚΑΝΑΛΙ ΠΡΕΒΕΖΗΣ,481 00,Ηπείρου,Πρεβέζης,9090,ΠΡΕΒΕΖΗΣ,6946903681,,0Β,4/14/1997,1995,116,,348
52,ΤΟ ΚΟΡΑΛΙ-,ΧΡΙΣΤΟΠΟΥΛΟΣ ΙΩΣΗΦ,ΡΙΖΑ ΠΡΕΒΕΖΗΣ,481 00,Ηπείρου,Πρεβέζης,9090,ΠΡΕΒΕΖΗΣ,2682-0-56386,,0Γ,6/9/2004,2004,30,5,120
53,ΑΣΤΕΡΙΑΣ,,ΚΑΣΤΡΟΣΥΚΙΑ ΠΡΕΒΕΖΗΣ,48100,Ηπείρου,Πρεβέζης,9090,ΠΡΕΒΕΖΗΣ,2682054098,,0Γ,7/30/2002,2002,50,,200
54,ΚΑΛΑΜΙΤΣΙ -,IMMOBILIARE ΕΜΠΟΡΙΚΕΣ ΕΠΙΧΕΙΡΗΣΕΙΣ Ε.Π.Ε.,ΚΑΛΑΜΙΤΣΙ ΠΡΕΒΕΖΗΣ,481 00,Ηπείρου,Πρεβέζης,9090,ΠΡΕΒΕΖΗΣ,2682-0-22192,,0Γ,4/14/1997,1997,86,14,400
55,ΑΙΓΕΑΣ,ΤΟΥΡΙΣΤΙΚΕΣ ΕΠΙΧΕΙΡΗΣΕΙΣ ΚΑΜΠΙΓΚ ΑΙΓΕΑΣ ΑΕ,,40003,Θεσσαλίας,Λάρισας,9097,ΑΓΙΑΣ,2494051580,,0Γ,6/15/1990,1990,72,,216
56,ΔΗΜΟΤΙΚΟ ΚΑΜΠΙΝΓΚ ΠΑΠΑ ΝΕΡΟ,Ν. ΜΠΑΣΜΑΤΖΙΔΗΣ - Π. ΣΤΕΦΑΝΟΥ ΟΕ,ΠΑΠΑ ΝΕΡΟ ΜΟΥΡΕΣΙΟΥ,37012,Θεσσαλίας,Μαγνησίας,9106,ΖΑΓΟΡΑΣ-ΜΟΥΡΕΣΙΟΥ,2426031319,,0Γ,7/1/1979,1979,50,,200
57,ΑΡΓΩ,ΠΑΠΟΥ ΑΘ.-ΝΑΝΟΥ Μ. ΟΕ,ΧΟΡΤΟ ΑΡΓΑΛΑΣΤΗΣ ΠΗΛΙΟΥ,37006,Θεσσαλίας,Μαγνησίας,9107,ΝΟΤΙΟΥ ΠΗΛΙΟΥ,0423-54144,,0Γ,4/1/1985,1985,39,0,117
58,ΚΑΣΤΡΙ,ΚΟΙΝΩΝΙΑ ΚΛΗΡΟΝΟΜΩΝ ΕΥΣΤΑΘΙΟΥ ΓΑΪΤΑΝΑ,ΚΑΣΤΡΙ ΠΡΟΜΥΡΙΟΥ,37006,Θεσσαλίας,Μαγνησίας,9107,ΝΟΤΙΟΥ ΠΗΛΙΟΥ,2423071209,,0Γ,7/29/1986,1986,40,0,120
59,ΣΥΚΙΑ,ΠΑΝΤΕΛΗΣ ΒΑΣΙΛΕΙΟΣ ΚΑΙ ΣΙΑ ΟΕ,ΚΑΤΩ ΓΑΤΖΕΑ,37010,Θεσσαλίας,Μαγνησίας,9107,ΝΟΤΙΟΥ ΠΗΛΙΟΥ,2423022279,,0Γ,3/15/1976,1976,68,,204
60,ΕΛΛΑΣ (HELLAS),ΑΕ ΣΥΜΕΩΝΙΔΗΣ-ΤΟΥΡΙΣΤΙΚΕΣ ΕΠΙΧΕΙΡΗΣΕΙΣ,ΚΑΤΩ ΓΑΝΤΖΕΑ,38500,Θεσσαλίας,Μαγνησίας,9107,ΝΟΤΙΟΥ ΠΗΛΙΟΥ,0423-22267,info@campinghellas.gr,0Γ,2/24/1977,1977,53,0,159
61,ΟΛΙΖΩΝ,ΚΥΡΙΑΚΟΥ ΔΗΜΟΣ & ΣΙΑ Ο.Ε.,ΜΗΛΙΝΑ ΠΗΛΙΟΥ,37013,Θεσσαλίας,Μαγνησίας,9107,ΝΟΤΙΟΥ ΠΗΛΙΟΥ,2423065236,,0Γ,7/1/1976,1976,55,0,165
62,ΛΟΥΪΖΑ,ΠΑΠΑΣΤΑΜΑΤΙΟΥ ΚΩΝΣΤΑΝΤΙΝΟΣ,ΠΛΑΤΑΝΙΑΣ ΠΡΟΜΥΡΙΟΥ ΠΗΛ.,37006,Θεσσαλίας,Μαγνησίας,9107,ΝΟΤΙΟΥ ΠΗΛΙΟΥ,2423071572,,0Γ,6/9/1990,1990,72,0,216
63,ΚΟΥΚΟΥΝΑΡΙΕΣ,OWEN ANDREW AKERS,ΚΟΥΚΟΥΝΑΡΙΕΣ ΣΚΙΑΘΟΥ,37002,Θεσσαλίας,Σποράδων,9110,ΣΚΙΑΘΟΥ,2427049250,,0Γ,7/24/1992,1992,96,,288
64,ΣΠΗΛΙΑ,ΜΠΟΥΦΙΔΗΣ ΑΠΟΣΤΟΛΟΣ,ΚΑΣΤΡΑΚΙ ΚΑΛΑΜΠΑΚΑΣ,42200,Θεσσαλίας,Τρικάλων,9112,ΚΑΛΑΜΠΑΚΑΣ,2432024802,,0Γ,4/20/1977,1977,28,,84
65,ΦΙΛΟΞΕΝΙΑ,ΣΑΚΕΛΛΑΡΙΟΥ ΛΕΩΝΙΔΑΣ,3 ΧΛΜ ΕΘΝ.ΟΔ ΤΡΙΚΑΛΩΝ-ΚΑΛΑΜΠΑΚΑΣ,42200,Θεσσαλίας,Τρικάλων,9112,ΚΑΛΑΜΠΑΚΑΣ,2432-24466,,0Γ,7/14/1987,1987,34,9,172
66,ΔΙΕΘΝΕΣ,ΡΙΖΟΣ  ΣΤΕΡΓΙΟΥ,2 χλμ Καλαμπάκας Τρικάλων,422 00,Θεσσαλίας,Τρικάλων,9112,ΚΑΛΑΜΠΑΚΑΣ,2432022239,,0Γ,7/18/1977,1977,40,,120
67,ΘΕΟΠΕΤΡΑ,ΚΑΡΑΜΙΝΤΖΙΟΣ ΠΑΝΑΓΙΩΤΗΣ ΚΩΝ.,6ο ΧΛΜ.Ε.Ο.ΚΑΛΑΜΠ.-ΤΡΙΚΑ,42200,Θεσσαλίας,Τρικάλων,9112,ΚΑΛΑΜΠΑΚΑΣ,0432-81406,,0Β,9/7/1979,1979,67,0,201
68,ΒΡΑΧΟΣ - ΚΑΣΤΡΑΚΙ,ΒΗΣΣΑΡΙΩΝ ΤΣΟΥΡΒΑΚΑΣ,ΚΑΣΤΡΑΚΙ,42200,Θεσσαλίας,Τρικάλων,9112,ΚΑΛΑΜΠΑΚΑΣ,2432022293,,0Γ,7/16/1976,1976,56,,224
69,Η ΣΠΗΛΙΑ,ΜΠΟΥΦΙΔΗΣ ΑΠΟΣΤΟΛΟΣ,ΚΑΣΤΡΑΚΙ,42200,Θεσσαλίας,Τρικάλων,,,0432-22289/24802,,0Γ,8/18/1995,1995,28,0,84
70,ΑΓΙΟΣ ΓΕΩΡΓΙΟΣ,ΚΑΖΙΑΝΗΣ ΘΕΟΔΩΡΟΣ,ΑΓ.ΓΕΩΡΓΙΟΣ ΚΑΒΑΔΑΔΩΝ,49083,Ιονίων Νησιών,Κέρκυρας,9118,ΚΕΡΚΥΡΑΣ,0663-51194,,0Γ,5/6/1984,1984,45,14,135
71,ΑΚΤΗ ΡΟΔΑ,ΜΕΣΣΙΑΝ Α. ΟΕ & ΣΙΑ-ΡΟΔΑ ΜΠΗΤΣ,ΡΟΔΑ Δ.ΘΙΝΑΛΙΩΝ,49081,Ιονίων Νησιών,Κέρκυρας,9118,ΚΕΡΚΥΡΑΣ,0663-63120,,0Β,11/21/1983,1983,83,0,249
72,ΥΨΟΣ ΙΝΤΕΑΛ,ΠΡΟΣΑΛΕΝΤΗΣ ΒΑΣΙΛΕΙΟΣ,ΥΨΟΣ Κ.ΚΟΡΑΚΙΑΝΑΣ,49100,Ιονίων Νησιών,Κέρκυρας,9118,ΚΕΡΚΥΡΑΣ,0661-93243,,0Γ,6/3/1986,1986,92,0,276
73,ΚΟΡΜΑΡΙ,ΣΑΒΒΑΝΗΣ ΙΩΑΝΝΗΣ,ΔΑΣΙΑ Κ.ΚΟΡΑΚΙΑΝΑΣ,49100,Ιονίων Νησιών,Κέρκυρας,9118,ΚΕΡΚΥΡΑΣ,0661-93587,,0Α,3/30/1983,1983,100,0,300
74,ΔΙΟΝΥΣΟΣ,ΕΥΡΩΚΑΜΠΛΑΝΤ ΞΕΝ. & ΤΟΥΡ. ΕΠΙΧ.Α.Ε.,ΛΙΜΝΗ ΚΑΤΩ ΚΟΡΑΚΙΑΝΑΣ,49083,Ιονίων Νησιών,Κέρκυρας,9118,ΚΕΡΚΥΡΑΣ,26610-91417,,0Γ,,1977,107,50,271
75,ΚΕΡΚΥΡΑ ΚΑΜΠΙΝΓΚ,ΚΟΡΦΟΥ Α.Ε ΥΨΟΣ ΤΟΥΡ.ΕΠΙΧ/ΣΕΙΣ,ΥΨΟΣ Κ.ΚΟΡΑΚΙΑΝΑΣ,49100,Ιονίων Νησιών,Κέρκυρας,9118,ΚΕΡΚΥΡΑΣ,2661093579,,0Γ,1/31/1978,1978,70,0,210
76,ΑΚΤΗ ΚΑΡΔΑ,ΚΑΜΠΚΟ Α.Ε ΞΕΝ. ΤΟΥΡ. ΕΠΙΧ/ΣΕΙΣ,ΔΑΣΙΑ  ΚΕΡΚΥΡΑ,49100,Ιονίων Νησιών,Κέρκυρας,9118,ΚΕΡΚΥΡΑΣ,2661093595,,0Α,,,101,26,508
77,ΚΟΝΤΟΚΑΛΙ ΜΠΗΤΣ ΙΝΤΕΡΝΑΣΙΟΝΑΛ,ΠΕΡΟΥΛΗΣ ΓΕΡΑΣΙΜΟΣ,ΚΟΝΤΟΚΑΛΙ,49100,Ιονίων Νησιών,Κέρκυρας,9118,ΚΕΡΚΥΡΑΣ,0661-91202,,0Γ,7/6/1982,1982,93,0,279
78,ΚΑΡΟΥΣΑΔΕΣ,ΠΕΤΡΑΚΟΥ ΕΛΕΝΗ,ΚΑΡΟΥΣΑΔΕΣ,49081,Ιονίων Νησιών,Κέρκυρας,9118,ΚΕΡΚΥΡΑΣ,0663-31415,,0Γ,7/25/1983,1983,63,0,189
79,ΠΑΡΑΔΕΙΣΟΣ,ΤΖΩΡΑΣ ΔΗΜ & ΧΡΙΣΤ. & ΣΙΑ ΟΕ,ΠΥΡΓΙ ΑΓΙΟΥ ΜΑΡΚΟΥ,49100,Ιονίων Νησιών,Κέρκυρας,9118,ΚΕΡΚΥΡΑΣ,0661-93557,,0Α,1/20/1981,1981,108,75,299
80,ΙΠΠΟΚΑΜΠΟΣ,ΑΝΑΓΝΩΣΤΗΣ ΑΕ ΞΕΝ.ΕΜΠ.ΒΙΟΜ/ΚΗ,ΜΕΣΣΟΓΓΗ,49080,Ιονίων Νησιών,Κέρκυρας,9118,ΚΕΡΚΥΡΑΣ,0661-75364/76212,,0Γ,8/1/1980,1980,70,0,210
81,ΒΑΤΟΣ,ΧΟΤΖΑ ΑΦΟΙ ΑΕ,ΒΑΤΟΣ ΠΕΛΕΚΑ,49100,Ιονίων Νησιών,Κέρκυρας,9118,ΚΕΡΚΥΡΑΣ,0661-94269/94505,,0Γ,7/27/1982,1982,37,0,111
82,ΔΕΣΙΜΗ ΑΚΤΗ,ΚΑΒΒΑΔΑ ΔΗΜΗΤΡΙΟΥ ΑΦΟΙ Ο.Ε.,ΒΛΥΧΟ ΛΕΥΚΑΔΑΣ,31100,Ιονίων Νησιών,Λευκάδας,9121,ΛΕΥΚΑΔΑΣ,26450 95328,,0Γ,,1978,42,,126
83,ΚΑΡΥΩΤΕΣ ΑΚΤΗ,ΑΙΚΑΤΕΡΙΝΗ ΛΙΒΙΤΣΑΝΟΥ,ΚΑΡΥΩΤΕΣ,31100,Ιονίων Νησιών,Λευκάδας,9121,ΛΕΥΚΑΔΑΣ,2645071103,,0Γ,5/9/1995,1995,29,,87
84,ΑΚΤΗ ΚΑΘΙΣΜΑ,ΒΛΑΧΟΥ ΜΑΡΙΑ & ΧΑΡΑΛΑΜΠΟΣ,ΔΕΣΚΑ ΕΞΑΝΘΕΙΑΣ,31080,Ιονίων Νησιών,Λευκάδας,9121,ΛΕΥΚΑΔΑΣ,2645024805,,0Γ,3/28/2006,2006,40,0,160
85,ΚΑΣΤΡΙ,ΑΦΕΝΤΟΥΛΙΔΗΣ ΣΑΒΒΑΣ ΤΟΥ ΠΑΝΑΓΙΩΤΗ,ΜΑΡΑΝΤΟΧΩΡΙ ΛΕΥΚΑΔΑΣ,31100,Ιονίων Νησιών,Λευκάδας,9121,ΛΕΥΚΑΔΑΣ,0645-31900/1,,0Β,3/21/2000,2000,75,0,300
86,ΕΠΙΣΚΟΠΟΣ ΜΠΗΤΣ,ΛΟΓΟΘΕΤΗ ΓΕΩΡΓΙΑ,ΕΠΙΣΚΟΠΟΣ,31081,Ιονίων Νησιών,Λευκάδας,9121,ΛΕΥΚΑΔΑΣ,0645-71388,,0Γ,,1995,37,0,135
87,ΑΚΤΗ ΚΑΜΠΙΝΓΚ ΑΣΠΡΟΒΑΛΤΑΣ,Υ/Α Ε.Ο.Τ. ΚΑΜΠΙΝΓΚ ΑΣΠΡΟΒΑΛΤΑΣ,ΑΣΠΡΟΒΑΛΤΑ,57021,Κεντρικής Μακεδονίας,Θεσσαλονίκης,9027,ΒΟΛΒΗΣ,0397-22249,,0Α,5/18/1982,1982,710,10,2130
88,ΡΕΤΖΙΚΑ,ΡΕΤΖΙΚΑ ΣΩΤΗΡΙΑ,,575 00,Κεντρικής Μακεδονίας,Θεσσαλονίκης,9029,ΘΕΡΜΑΪΚΟΥ,23920 410 90,,0Γ,6/5/2004,2004,30,5,135
89,ΕΛΛΑΣ,Α.Ε. ΞΕΝΟΔΟΧΕΙΑΚΗ ΕΤΑΙΡΕΙΑ ΕΛΛΑΣ,ΠΑΡΑΛΙΑ ΠΑΝΤΕΛΕΗΜΟΝΑ Ν. ΠΙΕΡΙΑΣ,600 65,Κεντρικής Μακεδονίας,Πιερίας,9046,ΔΙΟΥ-ΟΛΥΜΠΟΥ,2352041490,,0Γ,7/28/1973,1973,88,,264
90,ΝΙC,ΖΗΣΚΑ ΚΩΝΣΤΑΝΤΙΝΑ,ΠΛΑΤΑΜΩΝΑΣ ΠΙΕΡΙΑΣ,60065,Κεντρικής Μακεδονίας,Πιερίας,9046,ΔΙΟΥ-ΟΛΥΜΠΟΥ,0352-43316,,0Γ,2/26/1999,1999,30,0,120
91,ΝΕΦΕΛΗ,Ο.Ε. ΕΛΕΝΗ ΠΑΠΑΓΕΩΡΓΙΟΥ & ΣΙΑ,ΠΑΡΑΛΙΑ ΝΕΟΥ ΠΑΝΤΕΛΕΗΜΟΝΑ Ν. ΠΙΕΡΙΑΣ,600 65,Κεντρικής Μακεδονίας,Πιερίας,9046,ΔΙΟΥ-ΟΛΥΜΠΟΥ,2352041643,,0Γ,3/12/1998,1998,60,,240
92,ΑΚΤΗ ΠΟΣΕΙΔΩΝΟΣ,Α.Ε. ΤΖΟΒΑΣ ΤΟΥΡΙΣΤΙΚΕΣ ΞΕΝΟΔΟΧΕΙΑΚΕΣ ΕΠΙΧΕΙΡΗΣΕΙΣ,ΠΑΡΑΛΙΑ ΝΕΟΥ ΠΑΝΤΕΛΕΗΜΟΝΑ Ν. ΠΙΕΡΙΑΣ,600 65,Κεντρικής Μακεδονίας,Πιερίας,9046,ΔΙΟΥ-ΟΛΥΜΠΟΥ,"2352041654, 41792",,0Γ,8/13/1973,1973,126,,504
93,ΚΑΛΑΜΑΚΙ,Ο.Ε. ΑΦΟΙ Ν. ΠΑΓΩΝΗ-Π.ΜΥΡΩΔΗ-Η.ΤΑΣΤΣΟΓΛΟΥ & ΣΙΑ,ΠΛΑΤΑΜΩΝΑ Ν. ΠΙΕΡΙΑΣ,600 65,Κεντρικής Μακεδονίας,Πιερίας,9046,ΔΙΟΥ-ΟΛΥΜΠΟΥ,2352041676,,0Α,8/10/1977,1977,160,,480
94,NIC,ΖΗΣΚΑ-ΨΑΡΡΑ ΚΩΝΣΤΑΝΤΙΑ,,,Κεντρικής Μακεδονίας,Πιερίας,9046,ΔΙΟΥ-ΟΛΥΜΠΟΥ,"2352043316, 41189",,0Γ,,1999,30,,120
95,ΟΡΦΕΑΣ,Ο.Ε. ΓΕΩΡΓΙΟΣ Ι. ΓΚΑΡΑΣ-ΔΑΦΝΗ Ι. ΓΚΑΡΑ,ΠΑΡΑΛΙΑ ΠΑΝΤΕΛΕΗΜΟΝΑ Ν. ΠΙΕΡΙΑΣ,600 65,Κεντρικής Μακεδονίας,Πιερίας,9046,ΔΙΟΥ-ΟΛΥΜΠΟΥ,"2352091274, 91369",,0Γ,5/23/1989,1989,79,,237
96,ΚΑΣΤΡΟ,KOUΡΟΥΚΑΦΟΠΟΥΛΟΥ ΑΣΠΑΣΙΑ       .,ΠΑΡΑΛΙΑ ΝΕΟΥ ΠΑΝΤΕΛΕΗΜΟΝΑ Ν. ΠΙΕΡΙΑΣ,600 65,Κεντρικής Μακεδονίας,Πιερίας,9046,ΔΙΟΥ-ΟΛΥΜΠΟΥ,2352041252,,0Γ,20/11/0096,1995,37,15,208
97,ΓΚΑΡΑΣ,ΓΚΑΡΑΣ ΔΗΜΗΤΡΙΟΣ,ΠΑΡΑΛΙΑ ΣΚΟΤΙΝΑΣ Ν. ΠΙΕΡΙΑΣ,600 63,Κεντρικής Μακεδονίας,Πιερίας,9046,ΔΙΟΥ-ΟΛΥΜΠΟΥ,"2352091414, 91387",,0Γ,6/15/2000,2000,20,,80
98,ΑΚΡΟΓΙΑΛΙ,ΓΚΑΡΑΣ ΜΑΡΗΣ,ΠΑΡΑΛΙΑ ΣΚΟΤΙΝΑΣ Ν.ΠΙΕΡΙΑΣ,600 63,Κεντρικής Μακεδονίας,Πιερίας,9046,ΔΙΟΥ-ΟΛΥΜΠΟΥ,2352091478,,0Γ,6/14/2004,2004,38,,152
99,ΑΡΙΩΝ,Ο.Ε. ΠΑΠΑΘΑΝΑΣΙΟΥ ΝΙΚ. & ΑΦΟΙ ΕΥΑΓ. ΠΑΠΑΘΑΝΑΣΙΟΥ,ΠΑΡΑΛΙΑ ΠΑΝΤΕΛΕΗΜΟΝΑ Ν. ΠΙΕΡΙΑΣ,600 65,Κεντρικής Μακεδονίας,Πιερίας,9046,ΔΙΟΥ-ΟΛΥΜΠΟΥ,"2352041115, 41500",,0Γ,5/6/1981,1981,57,,171
100,ΑΦΡΟΔΙΤΗ,Ο.Ε. ΓΕΩΡΓΙΟΣ ΓΚΑΡΑΣ-ΑΦΡΟΔΙΤΗ ΓΚΑΡΑ-ΜΑΡΙΑ ΓΚΑΡΑ,ΠΑΡΑΛΙΑ ΣΚΟΤΙΝΑΣ,600 65,Κεντρικής Μακεδονίας,Πιερίας,9046,ΔΙΟΥ-ΟΛΥΜΠΟΥ,2352091300,,0Γ,6/25/2010,1996,60,,240
101,ΦΙΛΙΠΠΕΙΟΝ,ΤΟΠΑΛΟΓΛΟΥ ΕΛΕΝΗ,ΠΑΡΑΛΙΑ ΝΕΟΥ ΠΑΝΤΕΛΕΗΜΟΝΑ Ν. ΠΙΕΡΙΑΣ,600 65,Κεντρικής Μακεδονίας,Πιερίας,9046,ΔΙΟΥ-ΟΛΥΜΠΟΥ,2352041208,,0Γ,5/5/2000,2000,34,14,192
102,ΠΛΑΤΑΜΩΝ,ΚΟΣΜΑ ΡΟΔΟΠΗ,,60065,Κεντρικής Μακεδονίας,Πιερίας,9046,ΔΙΟΥ-ΟΛΥΜΠΟΥ,0352-41301,,0Γ,1/24/1989,1989,68,0,272
103,ΕΣΠΕΡΙΔΕΣ,ΤΟΥΡΙΣΤΙΚΕΣ ΕΠΙΧΕΙΡΗΣΕΙΣ CAMPING ESPERIDES Α.Ε.,ΠΑΡΑΛΙΑ ΝΕΟΥ ΠΑΝΤΕΛΕΗΜΟΝΑ Ν. ΠΙΕΡΙΑΣ,600 65,Κεντρικής Μακεδονίας,Πιερίας,9046,ΔΙΟΥ-ΟΛΥΜΠΟΥ,2352041066,,0Γ,11/9/1993,1993,67,9,237
104,GOLDEN BEACH,Ο.Ε. ΑΦΟΙ Κ. ΧΑΡΙΤΟΥ,ΠΑΡΑΛΙΑ ΝΕΟΥ ΠΑΝΤΕΛΕΗΜΟΝΑ Ν. ΠΙΕΡΙΑΣ,600 65,Κεντρικής Μακεδονίας,Πιερίας,9046,ΔΙΟΥ-ΟΛΥΜΠΟΥ,"2352041788, 42129",,0Γ,10/20/1999,1999,50,,200
105,ΠΑΡΑΔΕΙΣΟΣ,ΚΩΤΟΥΛΑΣ ΝΙΚΟΛΑΟΣ,ΠΛΑΤΑΜΩΝΑ Ν. ΠΙΕΡΙΑΣ,60065,Κεντρικής Μακεδονίας,Πιερίας,9046,ΔΙΟΥ-ΟΛΥΜΠΟΥ,2352042995,,0Γ,7/16/1996,1996,60,9,276
106,ΗΡΑΚΛΕΙΑ,Ο.Ε. ΑΦΟΙ Α. ΤΖΙΟΥΒΑΡΑ ΤΟΥΡΙΣΤΙΚΕΣ ΕΠΙΧΕΙΡΗΣΕΙΣ,ΠΑΡΑΛΙΑ ΠΑΝΤΕΛΕΗΜΟΝΑ Ν. ΠΙΕΡΙΑΣ,600 65,Κεντρικής Μακεδονίας,Πιερίας,9046,ΔΙΟΥ-ΟΛΥΜΠΟΥ,2352041403,,0Γ,6/18/1982,1982,50,,150
107,ΜΥΤΙΚΑΣ,ΠΑΥΛΙΔΗΣ ΕΥΑΓΓΕΛΟΣ,ΓΡΙΤΣΑ ΛΙΤΟΧΩΡΟΥ Ν. ΠΙΕΡΙΑΣ,602 00,Κεντρικής Μακεδονίας,Πιερίας,9046,ΔΙΟΥ-ΟΛΥΜΠΟΥ,2352061275,,0Γ,5/6/1981,1981,52,,156
108,ΣΥΛΒΙΑ,ΠΑΠΑΓΕΩΡΓΙΟΥ ΘΕΟΔΩΡΟΣ,ΠΛΑΚΑ ΛΙΤΟΧΩΡΟΥ Ν. ΠΙΕΡΙΑΣ,602 00,Κεντρικής Μακεδονίας,Πιερίας,9046,ΔΙΟΥ-ΟΛΥΜΠΟΥ,2352022553,,0Γ,8/13/1974,1974,45,,
109,ΝΗΡΕΑΣ,ΒΕΡΡΟΙΑΣ ΙΩΑΝΝΗΣ,ΒΑΡΙΚΟ ΛΙΤΟΧΩΡΟΥ Ν. ΠΙΕΡΙΑΣ,602 00,Κεντρικής Μακεδονίας,Πιερίας,9046,ΔΙΟΥ-ΟΛΥΜΠΟΥ,23520 41403,,0Γ,6/13/1989,1985,100,0,324
110,ΟΛΥΜΠΙΟΣ ΖΕΥΣ,Α.Ε. ΟΛΥΜΠΙΟΣ ΖΕΥΣ ΤΟΥΡ/ΚΩΝ & ΞΕΝ/ΚΩΝ ΕΠΙΧ/ΣΕΩΝ,ΠΛΑΚΑ ΛΙΤΟΧΩΡΟΥ Ν. ΠΙΕΡΙΑΣ,600 63,Κεντρικής Μακεδονίας,Πιερίας,9046,ΔΙΟΥ-ΟΛΥΜΠΟΥ,2352022115,,0Α,,1972,100,,300
111,ΕΥΡΙΔΙΚΗ,ΒΑΡΔΑΚΑΣ ΓΡΗΓΟΡΗΣ,ΓΡΙΤΣΑ ΛΙΤΟΧΩΡΟΥ Ν. ΠΙΕΡΙΑΣ,602 00,Κεντρικής Μακεδονίας,Πιερίας,9046,ΔΙΟΥ-ΟΛΥΜΠΟΥ,"2352061261, 61262",,0Γ,8/3/1973,1973,216,,648
112,ΕΛΙΣΣΑΒΕΤ,ΒΥΖΑΛΗΣ ΙΟΡΔΑΝΗΣ,ΒΑΡΙΚΟ ΛΙΤΟΧΩΡΟΥ Ν. ΠΙΕΡΙΑΣ,60200,Κεντρικής Μακεδονίας,Πιερίας,9046,ΔΙΟΥ-ΟΛΥΜΠΟΥ,2352061370,,0Γ,2/22/1996,1996,45,0,180
113,ΧΑΡΙΛΑΟΣ,ΤΖΙΑΜΙΧΑΣ ΝΙΚΟΛΑΟΣ,ΠΛΑΚΑ ΛΙΤΟΧΩΡΟΥ,60063,Κεντρικής Μακεδονίας,Πιερίας,9046,ΔΙΟΥ-ΟΛΥΜΠΟΥ,0352-81760,,0Β,7/8/1997,1997,30,0,120
114,ΒΑΡΙΚΟ ΜΠΗΤΣ,Ο.Ε. ΓΕΩΡΓΙΟΣ & ΑΙΚΑΤΕΡΙΝΗ ΓΙΑΝΝΙΚΗ,ΒΑΡΙΚΟ ΛΙΤΟΧΩΡΟΥ Ν. ΠΙΕΡΙΑΣ,602 00,Κεντρικής Μακεδονίας,Πιερίας,9046,ΔΙΟΥ-ΟΛΥΜΠΟΥ,2352031478,,0Γ,11/20/1976,1996,45,3,192
115,ΣΤΟΛΟΣ,ΤΣΙΝΤΣΙΦΑΣ ΙΩΑΝΝΗΣ,ΒΑΡΙΚΟ ΛΙΤΟΧΩΡΟΥ Ν. ΠΙΕΡΙΑΣ,60200,Κεντρικής Μακεδονίας,Πιερίας,9046,ΔΙΟΥ-ΟΛΥΜΠΟΥ,2352061266,,0Γ,2/22/1996,1996,43,0,190
116,GOLD BEACH,ΚΑΤΣΑΜΠΕΚΗ ΠΑΝΑΓΙΩΤΑ,ΒΑΡΙΚΟ ΛΙΤΟΧΩΡΟΥ Ν. ΠΙΕΡΙΑΣ,602 00,Κεντρικής Μακεδονίας,Πιερίας,9046,ΔΙΟΥ-ΟΛΥΜΠΟΥ,2352061395,,0Γ,11/20/1996,1996,50,6,174
117,ΑΚΤΗ ΟΛΥΜΠΟΥ,ΥΙΟΙ Γ. Τ6ΟΥΛΙΟΠΟΥΛΟΥ & ΣΙΑ Ο.Ε. ΤΟΥΡ/ΚΕΣ ΕΠΙΧ/ΣΕΙΣ,ΠΛΑΚΑ ΛΙΤΟΧΩΡΟΥ Ν. ΠΙΕΡΙΑΣ,600 63,Κεντρικής Μακεδονίας,Πιερίας,9046,ΔΙΟΥ-ΟΛΥΜΠΟΥ,2352022112,,0Α,1/3/1972,1972,107,26,532
118,ΚΑΜΠΙΝΓΚ ΟΛΥΜΠΟΥ,ΥΑ/Ε.Ο.Τ. ΚΑΜΠΙΝΓΚ ΟΛΥΜΠΟΥ,,60063,Κεντρικής Μακεδονίας,Πιερίας,9046,ΔΙΟΥ-ΟΛΥΜΠΟΥ,0352-91296,,0Α,5/18/1982,1982,615,0,1845
119,ΟΔΥΣΣΕΙΑ,ΤΟΥΡΙΣΤΙΚΕΣ ΞΕΝΟΔΟΧΕΙΑΚΕΣ ΕΠΙΧΕΙΡΗΣΕΙΣ ΚΟΡΙΝΟΥ Α.Ε.,ΠΑΡΑΛΙΑ ΚΟΡΙΝΟΥ Ν. ΠΙΕΡΙΑΣ,60062,Κεντρικής Μακεδονίας,Πιερίας,9047,ΚΑΤΕΡΙΝΗΣ,2351042542,,0Β,9/9/1997,1997,47,1,192
120,ΕΔΕΜ,ΤΟΥΡΙΣΤΙΚΕΣ & ΞΕΝΟΔΟΧΕΙΑΚΕΣ ΕΠΙΧΕΙΡΗΣΕΙΣ Σ. ΧΙΟΝΙΔΗΣ,ΟΛΥΜΠΙΑΚΗ ΑΚΤΗ Ν. ΠΙΕΡΙΑΣ,601 00,Κεντρικής Μακεδονίας,Πιερίας,9047,ΚΑΤΕΡΙΝΗΣ,2351061107,,0Α,4/16/1991,1991,100,20,480
121,ΚΡΙΣΤΙ,ΠΟΥΤΟΥΡΙΔΟΥ ΚΡΥΣΤΑΛΛΙΑ,ΠΕΡΙΣΤΑΣΗ Ν. ΠΙΕΡΙΑΣ,601 00,Κεντρικής Μακεδονίας,Πιερίας,9047,ΚΑΤΕΡΙΝΗΣ,2351061354,,0Γ,2/22/1996,1996,30,,120
122,ΑΓΙΑΝΝΗΣ,ΜΕΤΑΛΛΙΔΗΣ ΝΙΚΟΛΑΟΣ ΤΟΥ ΑΝΔΡΕΑ,ΜΕΘΩΝΗ Ν. ΠΙΕΡΙΑΣ,600 66,Κεντρικής Μακεδονίας,Πιερίας,9048,ΠΥΔΝΑΣ-ΚΟΛΙΝΔΡΟΥ,"2352051840, 41386",,0Γ,8/3/1972,1972,60,0,180
123,ΑΚΤΗ ΠΟΣΕΙΔΩΝΟΣ-POSEIDON BEACH,"ΤΖΟΒΑΣ-ΤΟΥΡ/ΚΕΣ,ΞΕΝ/ΚΕΣ ΕΠΙΧ/ΣΕΙΣ ΑΕ",,60065,Κεντρικής Μακεδονίας,Πιερίας,,,0352-41654,,0Γ,6/1/1995,1995,126,0,504
124,ΙΕΡΙΣΣΟΣ,ΑΞΙΟΠΟΙΗΣΗ Τ.ΑΚ.Δ.ΑΡΙΣΤΟΤΕΛΗ ΔΗΜΟΤΙΚΗ Α.Ε.,ΙΕΡΙΣΣΟΣ,630 75,Κεντρικής Μακεδονίας,Χαλκιδικής,9056,ΑΡΙΣΤΟΤΕΛΗ,2377021125,,0Γ,6/3/2003,2003,75,,300
125,ΚΟΜΙΤΣΑ,ΜΑΛΛΙΑΡΗΣ ΕΥΑΓΓΕΛΟΣ,ΝΕΑ ΡΟΔΑ,630 75,Κεντρικής Μακεδονίας,Χαλκιδικής,9056,ΑΡΙΣΤΟΤΕΛΗ,6972327146,,0Β,11/2/2001,2001,48,2,200
126,ΟΥΡΑΝΟΥΠΟΛΗ,ΚΑΙΜΑΚΗΣ Σ.& ΣΙΑ Ο.Ε.,ΟΥΡΑΝΟΥΠΟΛΗ,63075,Κεντρικής Μακεδονίας,Χαλκιδικής,9056,ΑΡΙΣΤΟΤΕΛΗ,2377071171,,0Γ,3/19/1996,1988,78,,234
127,ΚΟΡΑΛΙ,ΠΑΠΑΔΗΜΗΤΡΙΟΥ ΑΦΟΙ Τ.Ξ.Ε. Α.Ε.     .,ΟΛΥΜΠΙΑΔΑ,57014,Κεντρικής Μακεδονίας,Χαλκιδικής,9056,ΑΡΙΣΤΟΤΕΛΗ,0376-51304,,0Γ,7/31/1992,1992,92,0,276
128,ΜΕΓΑΛΗ ΑΜΜΟΣ,ΓΙΟΥΒΑΝΙΚΑΣ ΣΤΑΥΡΟΣ,ΜΕΓΑΛΗ ΑΜΜΟΣ,0,Κεντρικής Μακεδονίας,Χαλκιδικής,9056,ΑΡΙΣΤΟΤΕΛΗ,,,0Γ,7/12/2000,2000,75,0,300
129,ΟΛΥΜΠΙΑΣ,ΚΑΝΕΛΛΗΣ ΑΘΑΝΑΣΙΟΣ,ΟΛΥΜΠΙΑΔΑ,57014,Κεντρικής Μακεδονίας,Χαλκιδικής,9056,ΑΡΙΣΤΟΤΕΛΗ,0376 31295,,0Β,5/6/1981,1981,147,0,449
130,ΑΛΥΚΕΣ,ΦΩΤΕΙΝΗ ΧΡΙΣΤΟΔΟΥΛΟΥ & ΣΙΑ Ο.Ε.,ΑΜΜΟΥΛΙΑΝΗ,63075,Κεντρικής Μακεδονίας,Χαλκιδικής,9056,ΑΡΙΣΤΟΤΕΛΗ,2377051379,,0Γ,1/1/1996,1996,53,,212
131,ΚΑΜΠΙΝΓΚ ΚΡΥΟΠΗΓΗΣ,ΚΡΥΟΠΗΓΗ Α.Ε.,ΚΡΥΟΠΗΓΗ ΚΑΣΣΑΝΔΡΑΣ,63077,Κεντρικής Μακεδονίας,Χαλκιδικής,9057,ΚΑΣΣΑΝΔΡΑΣ,2374051100,,0Α,2/27/1974,1974,105,0,315
132,CAMPING ΚΑΛΑΝΔΡΑΣ,Κ.ΑΝΑΓΝΩΣΤΑΚΗΣ κ ΥΙΟΣ ΟΕ,ΠΟΣΕΙΔΙ,630 77,Κεντρικής Μακεδονίας,Χαλκιδικής,9057,ΚΑΣΣΑΝΔΡΑΣ,23740 41550,,0Α,1/1/1974,1974,120,0,360
133,ΚΑΜΠΙΝΓΚ ΠΑΛΙΟΥΡΙΟΥ,Ε.Τ.Α. Α.Ε.,ΠΑΛΙΟΥΡΙ,63085,Κεντρικής Μακεδονίας,Χαλκιδικής,9057,ΚΑΣΣΑΝΔΡΑΣ,2374092169,,0Α,2/27/1974,1971,100,0,300
134,ΠΟΡΤΟ ΛΟΥΤΡΑ,ΦΑΡΓΚΑΝΗΣ ΠΑΡΑΣΚΕΥΗ & ΜΙΧΑΛΗΣ,ΛΟΥΤΡΑ ΑΓ.ΠΑΡΑΣΚΕΥΗΣ,63085,Κεντρικής Μακεδονίας,Χαλκιδικής,9057,ΚΑΣΣΑΝΔΡΑΣ,0374-71123,,0Γ,11/20/1987,1987,80,0,240
135,ΚΕΡΑΜΑΡΙΑ,ΜΩΡΑΙΔΗΣ ΚΩΝΣΤΑΝΤΙΝΟΣ,ΚΕΡΑΜΑΡΙΑ ΠΕΥΚΟΧΩΡΙΟΥ,63085,Κεντρικής Μακεδονίας,Χαλκιδικής,9057,ΚΑΣΣΑΝΔΡΑΣ,0375-61464,,0Γ,,1996,53,0,212
136,ΣΑΝΗ,ΣΑΝΗ Α.Ε ΑΝΑΠΤΥΞΕΩΣ & ΤΟΥΡΙΣΜΟΥ,ΚΑΣΣΑΝΔΡΑ,63077,Κεντρικής Μακεδονίας,Χαλκιδικής,9057,ΚΑΣΣΑΝΔΡΑΣ,0374-31224,,0Α,5/20/1977,1977,409,0,1227
137,ΓΑΛΑΖΙΟ ΟΝΕΙΡΟ-BLUE DREAM,ΤΟΥΡ/ΚΕΣ ΑΓΡΟΤΙΚΕΣ ΕΠΙΧ/ΣΕΙΣ Α.Ε.,ΠΥΡΓΟΣ ΣΤΑΥΡΟΝΙΚΗΤΑ,63077,Κεντρικής Μακεδονίας,Χαλκιδικής,9057,ΚΑΣΣΑΝΔΡΑΣ,0374-31249,,0Α,4/11/1995,1995,207,9,621
138,ΑΙΓΕΑΣ,ΥΙΟΙ Ε.&Κ. ΚΑΤΣΙΡΜΑ Ο.Ε.,Ν.ΚΑΛΛΙΚΡΑΤΕΙΑ,630 80,Κεντρικής Μακεδονίας,Χαλκιδικής,9058,ΝΕΑΣ ΠΡΟΠΟΝΤΙΔΑΣ,,,0Γ,1/1/1992,1992,60,,240
139,ΑΚΤΗ ΟΥΖΟΥΝΗ,ΟΥΖΟΥΝΗ ΑΦΟΙ ΤΟΥΡ. ΕΠΙΧ.Α.Ε.,ΑΓΙΑ ΜΑΜΑ,63200,Κεντρικής Μακεδονίας,Χαλκιδικής,9058,ΝΕΑΣ ΠΡΟΠΟΝΤΙΔΑΣ,2373042100,,0Γ,11/14/1988,1988,72,0,216
140,SUNNY BAY,ΜΙΧΑΛΟΥΔΗ ΚΥΡΙΑΚΗ & ΣΙΑ Ο.Ε.,ΜΕΤΑΜΟΡΦΩΣΗ,63078,Κεντρικής Μακεδονίας,Χαλκιδικής,9059,ΠΟΛΥΓΥΡΟΥ,2375061352,,0Γ,8/19/1991,1991,75,,300
141,ΣΙΘΩΝ,ΤΟΡΤΟΠΙΔΟΥ ΑΓΝΗ,ΜΕΤΑΜΟΡΦΩΣΗ,63078,Κεντρικής Μακεδονίας,Χαλκιδικής,9059,ΠΟΛΥΓΥΡΟΥ,2375022414,,0Β,6/14/1983,1983,126,16,442
142,ΚΟΥΓΙΩΝΗΣ,ΤΟΥΡ.ΕΠΙΧ.ΚΑΜΠΙΝΓΚ ΜΠΑΚΑΛΟΟΥΣ Χ.ΚΟΥΓΙΩΝΗΣ Κ ΣΙΑ ΑΕ Α.Ε.,ΠΑΡΑΛΙΑ ΓΕΡΑΚΙΝΗΣ,63100,Κεντρικής Μακεδονίας,Χαλκιδικής,9059,ΠΟΛΥΓΥΡΟΥ,2371052226,,0Γ,4/11/1995,1980,60,15,300
143,ΜΥΛΟΣ,ΔΕΛΗΔΗΜΗΤΡΙΟΥ ΑΝΤΩΝΙΟΣ,ΞΥΛΕΝΙΟΣ ΠΥΡΓΟΣ ΝΙΚΗΤΗΣ,63088,Κεντρικής Μακεδονίας,Χαλκιδικής,9060,ΣΙΘΩΝΙΑΣ,2375022041,,0Β,4/4/1996,1982,126,0,378
144,ΠΑΝΟΣ,ΚΟΥΦΑΤΖΗΣ ΠΑΝΑΓΙΩΤΗΣ,Ν.ΜΑΡΜΑΡΑΣ ΧΑΛΚ/ΚΗΣ,63081,Κεντρικής Μακεδονίας,Χαλκιδικής,9060,ΣΙΘΩΝΙΑΣ,2375072381,,0Γ,27/8/0098,1998,25,6,124
145,ΠΟΡΦΥ-PORFI,ΠΟΡΦΥΡΙΔΗΣ ΚΛΗΜΗΣ Α.Β.Ε.Τ.-ΝΕ,ΒΟΥΡΒΟΥΡΟΥ ΑΓ.ΝΙΚΟΛΑΟΥ,63078,Κεντρικής Μακεδονίας,Χαλκιδικής,9060,ΣΙΘΩΝΙΑΣ,0375-91504,,0Γ,2/22/1996,1996,102,16,472
146,EUROPA BEACH,ΚΥΡΛΑΓΚΙΤΣΗΣ Π.-ΚΥΡΛΑΓΚΙΤΣΗ Ε.  0.Ε.,Ν.ΜΑΡΜΑΡΑΣ,63081,Κεντρικής Μακεδονίας,Χαλκιδικής,9060,ΣΙΘΩΝΙΑΣ,0375-71078,,0Β,4/12/1995,1995,158,0,474
147,ΛΑΚΑΡΑ,ΔΕΛΗΔΗΜΗΤΡΙΟΥ ΑΝΤΩΝΙΟΣ,ΑΚΤΗ ΚΟΥΤΛΟΥΜΟΥΣΙΟΥ ΑΓ.ΝΙΚΟΛΑΟΥ,63078,Κεντρικής Μακεδονίας,Χαλκιδικής,9060,ΣΙΘΩΝΙΑΣ,2374091444,,0Α,1/10/1978,1978,190,30,690
148,ΜΕΛΙΣΣΗΣ,ΑΦΟΙ ΜΕΛΙΣΣΗ & ΣΙΑ Ο.Ε.,ΒΙΓΛΑ ΣΥΚΙΑΣ,630 72,Κεντρικής Μακεδονίας,Χαλκιδικής,9060,ΣΙΘΩΝΙΑΣ,2375041631,,0Γ,2/27/1996,1996,70,0,280
149,ΝΙΚΗΤΗ,ΠΑΠΑΙΩΑΝΝΟΥ ΑΘΑΝΑΣΙΟΣ,ΝΙΚΗΤΑΣ,63088,Κεντρικής Μακεδονίας,Χαλκιδικής,9060,ΣΙΘΩΝΙΑΣ,0375-22165,,0Γ,4/11/1995,1995,40,0,120
150,ΠΟΡΤΟ ΖΩΓΡΑΦΟΥ,MVP HOLIDAYS-ΤΟΥΡ.ΣΠΙΧ.Α.Ε.,ΑΚΤΗ ΖΩΓΡΑΦΟΥ ΑΓ.ΝΙΚΟΛΑΟΥ,63078,Κεντρικής Μακεδονίας,Χαλκιδικής,9060,ΣΙΘΩΝΙΑΣ,2375091277,,0Α,4/12/1995,1995,134,10,576
151,ΜΑΡΜΑΡΑΣ,ΣΠΕΝΤΣΟΠΟΥΛΟΥ ΜΑΡΙΑ,Ν.ΜΑΡΜΑΡΑΣ,63081,Κεντρικής Μακεδονίας,Χαλκιδικής,9060,ΣΙΘΩΝΙΑΣ,2375071901,,0Β,4/12/1995,1995,110,0,330
152,ΑΡΕΤΗ,ΑΡΕΤΗ CAMPING & BANGALOWS-ΧΑΡΑΛΑΜΠΙΔΟΥ ΑΡΕΤΗ & ΣΙΑ Ο.Ε.,,,Κεντρικής Μακεδονίας,Χαλκιδικής,9060,ΣΙΘΩΝΙΑΣ,2375071573,,0Β,,1976,147,8,620
153,ΜΙΤΑΡΙ,CAMPING ΜΙΤΑΡΙ ΕΛΗΑΣ Α.Ε.,ΝΙΚΗΤΗ,63088,Κεντρικής Μακεδονίας,Χαλκιδικής,9060,ΣΙΘΩΝΙΑΣ,2375071775,,0Γ,7/17/1991,1991,100,0,300
154,ΚΑΣΤΕΛΛΟ,ΓΛΑΥΤΣΗΣ Γ. ΤΟΥΡ. ΓΕΩ. ΕΠΙΧ. ΚΑΣΤΕΛΟ Α.Ε.,Ν.ΜΑΡΜΑΡΑΣ,63081,Κεντρικής Μακεδονίας,Χαλκιδικής,9060,ΣΙΘΩΝΙΑΣ,2375072003,,0Β,3/28/1988,1988,108,0,324
155,ΑΚΤΗ ΟΝΕΙΡΟΥ,ΙΩΑΝΝΗΣ ΚΥΡΛΑΓΚΙΤΣΗΣ & ΣΙΑ Ο.Ε.,ΒΑΡΔΑΝΑΡΙΑ ΑΓ.ΝΙΚΟΛΑΟΥ,63078,Κεντρικής Μακεδονίας,Χαλκιδικής,9060,ΣΙΘΩΝΙΑΣ,6972097587,,0Α,7/5/2007,2007,16,9,100
156,ΣΤΑΥΡΟΣ,ΝΑΝΟΥ ΑΦΟΙ ΟΕ,Ν.ΜΑΡΜΑΡΑΣ,63081,Κεντρικής Μακεδονίας,Χαλκιδικής,9060,ΣΙΘΩΝΙΑΣ,2375071375,,0Γ,4/12/1995,1977,82,0,246
157,ΡΕΑ,ΠΑΤΡΩΝΗΣ ΠΑΥΛΟΣ,ΧΑΛΚΙΔΙΚΗ,63078,Κεντρικής Μακεδονίας,Χαλκιδικής,9060,ΣΙΘΩΝΙΑΣ,2375091100,,0Γ,10/18/1995,1995,45,0,180
158,ΑΝΑΜΟΥΡ,ΦΛΕΒΑΡΗΣ ΘΕΟΔΟΣΗΣ,ΣΥΚΙΑ,630 72,Κεντρικής Μακεδονίας,Χαλκιδικής,9060,ΣΙΘΩΝΙΑΣ,2375051112,,0Γ,8/27/1998,1998,75,,300
159,ΙΣΑ,ΙΣΑ ΤΟΥΡ.ΞΕΝ.ΕΜΠ.ΕΠΙΧ.ΑΕ,ΣΥΚΑΙΑ,63072,Κεντρικής Μακεδονίας,Χαλκιδικής,9060,ΣΙΘΩΝΙΑΣ,0375-51235,,0Α,4/11/1995,1995,167,0,668
160,ΠΑΡΑΔΕΙΣΟΣ,ΧΑΤΖΗΜΙΧΑΗΛ ΝΙΚΟΛΑΟΣ,ΚΡΙΑΡΙΤΣΙ ΧΑΛΚ/ΚΗΣ,63072,Κεντρικής Μακεδονίας,Χαλκιδικής,9060,ΣΙΘΩΝΙΑΣ,6946183282,,0Γ,9/18/1998,1998,50,0,200
161,ΚΑΤΕΡΙΝΑ,ΚΩΤΣΙΟΣ ΙΩΑΝΝΗΣ,ΓΡΙΑΒΑΣ ΠΑΡΑΛΙΑΣ ΣΥΚΙΑΣ  ΧΑΛΚ/ΚΗΣ,63072,Κεντρικής Μακεδονίας,Χαλκιδικής,9060,ΣΙΘΩΝΙΑΣ,2375041359,,0Γ,8/27/1998,1998,71,0,264
162,ΠΟΡΤΟ,ΠΑΡΓΑΣ ΒΑΣΙΛΕΙΟΣ,ΚΑΛΑΜΙΤΣΙ ΣΥΚΙΑΣ,63072,Κεντρικής Μακεδονίας,Χαλκιδικής,9060,ΣΙΘΩΝΙΑΣ,2375041346,,0Γ,4/11/1995,1995,50,9,236
163,ΒΑΛΤΙ,ΑΛΕΞΑΚΗΣ ΑΘΑΝΑΣΙΟΣ,ΣΥΚΙΑ Ν. ΧΑΛΚΙΔΙΚΗΣ,630 72,Κεντρικής Μακεδονίας,Χαλκιδικής,9060,ΣΙΘΩΝΙΑΣ,23750 41449,,0Γ,,1998,30,,120
164,ΗΛΙΑΣ,ΤΣΙΜΠΙΔΗΣ ΗΛΙΑΣ,ΚΑΛΑΜΙΤΣΙ,63072,Κεντρικής Μακεδονίας,Χαλκιδικής,9060,ΣΙΘΩΝΙΑΣ,2375041556,,0Γ,,1998,30,0,120
165,CAMPING ΖΑΒΒΑΣ,ΖΑΒΒΑΣ ΑΘΑΝΑΣΙΟΣ,ΤΟΡΩΝΗ ΣΥΚΑΙΑΣ,63072,Κεντρικής Μακεδονίας,Χαλκιδικής,9060,ΣΙΘΩΝΙΑΣ,,,0Γ,,1998,40,0,120
166,ΧΡΙΣΤΙΝΑ,ΒΑΜΜΕΝΟΣ ΓΕΩΡΓΙΟΣ,ΚΡΥΑΡΙΤΣΙ ΣΥΚΙΑΣ,63072,Κεντρικής Μακεδονίας,Χαλκιδικής,9060,ΣΙΘΩΝΙΑΣ,2375041233,,0Γ,,1996,50,0,200
167,ΤΣΙΤΡΕΛΗ,ΠΑΡΓΑ-ΤΣΙΤΡΕΛΗ ΜΑΡΙΑ,ΚΑΛΑΜΙΤΣΙ ΣΥΚΙΑΣ,63072,Κεντρικής Μακεδονίας,Χαλκιδικής,9060,ΣΙΘΩΝΙΑΣ,2375042086,,0Γ,7/18/2000,2000,35,4,156
168,ΦΙΛΛΙΠΟΣ,ΜΑΝΘΟΣ ΦΙΛΛΙΠΟΣ,ΤΟΡΩΝΗ ΣΥΚΙΑΣ,63072,Κεντρικής Μακεδονίας,Χαλκιδικής,9060,ΣΙΘΩΝΙΑΣ,0375 51250,,0Γ,,1996,40,0,160
169,ΛΙΝΑΡΑΚΙ,ΚΛΗΜΑΤΣΙΔΑ ΜΑΡΙΑ,ΣΥΚΙΑ,63072,Κεντρικής Μακεδονίας,Χαλκιδικής,9060,ΣΙΘΩΝΙΑΣ,2375041655,,0Γ,7/16/1998,1998,30,2,128
170,ΚΑΛΑΜΙΤΣΙ,ΘΑΛΑΤΤΑ ΚΑΜΠ Α.Ε.,ΚΑΛΑΜΙΤΣΙ ΣΥΚΕΑΣ,63072,Κεντρικής Μακεδονίας,Χαλκιδικής,9060,ΣΙΘΩΝΙΑΣ,2375041410,,0Α,4/12/1995,1976,252,4,1024
171,ΑΣΤΕΡΗΣ,ΒΑΛΟΓΙΑΝΝΗ ΠΑΝΑΓΙΩΤΑ,ΠΑΡΑΛΙΑ ΣΥΚΙΑΣ,630 72,Κεντρικής Μακεδονίας,Χαλκιδικής,9060,ΣΙΘΩΝΙΑΣ,2375041415,,0Γ,,1998,67,,268
172,ΑΡΜΕΝΙΣΤΗΣ,ΑΝΑΤΟΛΗ ΑΕ & ΣΙΑ ΟΕ,ΣΑΡΤΗ,63072,Κεντρικής Μακεδονίας,Χαλκιδικής,9060,ΣΙΘΩΝΙΑΣ,2375091487,,0Α,4/11/1995,1992,130,0,390
173,ΠΙΤΣΩΝΗΣ,ΠΙΤΣΩΝΗΣ ΑΘΑΝΑΣΙΟΣ,ΠΑΡΑΛΙΑ ΣΥΚΑΙΑΣ ΧΑΛΚ/ΚΗΣ,63072,Κεντρικής Μακεδονίας,Χαλκιδικής,9060,ΣΙΘΩΝΙΑΣ,2375041686,,0Γ,,1998,27,0,108
174,MATALA-ΜΑΤΑΛΑ,ΚΟΙΝΟΤΙΚΟ ΚΑΜΠΙΝΓΚ ΠΙΤΣΙΔΙΩΝ,ΜΑΤΑΛΑ,70200,Κρήτης,Ηρακλείου,9308,ΦΑΙΣΤΟΥ,2892045700,,0Δ,,,100,0,300
175,ΚΡΕΤΑ,ΔΡΕΤΑΚΗΣ ΔΗΜΗΤΡΙΟΣ ΤΟΥ ΑΝΤΩΝ.,ΓΟΥΒΕΣ ΗΡΑΚΛΕΙΟΥ,70014,Κρήτης,Ηρακλείου,9309,ΧΕΡΣΟΝΗΣΟΥ,2897041400,,0Α,,,90,0,270
176,CARAVAN - ΚΑΡΑΒΑΝ,ΣΚΑΜΑΓΚΑΣ ΓΙΩΡΓΟΣ,ΛΙΜ. ΧΕΡΣΟΝΗΣΟΥ,70014,Κρήτης,Ηρακλείου,9309,ΧΕΡΣΟΝΗΣΟΥ,6977384072,,0Γ,1/1/1976,1976,0,0,0
177,SISI-ΣΙΣΙ,CAMPING SISI  A.E,ΣΙΣΙ ΒΡΑΧΑΣΙΟΥ ΛΑΣΙΘΙ,72400,Κρήτης,Λασιθίου,9310,ΑΓΙΟΥ ΝΙΚΟΛΑΟΥ,2841071247,,0Γ,,,40,0,120
178,KOUTSOUNARI-ΚΟΥΤΣΟΥΝΑΡΙ,ΧΡΙΣΤΑΚΗ ΜΑΡΙΑ,ΚΟΥΤΣΟΥΝΑΡΙ ΛΑΣΙΘΙΟΥ,72200 ,Κρήτης,Λασιθίου,9311,ΙΕΡΑΠΕΤΡΑΣ,2842061213,,0Γ,10/31/1984,1984,66,0,198
179,GOURNIA MOON,ΣΠΑΝΟΣ ΧΡΗΣΤΟΣ,ΓΟΥΡΝΙΑ,72200,Κρήτης,Λασιθίου,9311,ΙΕΡΑΠΕΤΡΑΣ,2842093243,,0Γ,,,55,0,165
180,APOLLONIA-ΑΠΟΛΛΩΝΙΑ,ΜΠΡΟΚΑΛΙΟΣ Μ. ΑΕ,ΠΛΑΚΙΑΣ ΡΕΘΥΜΝΗΣ,74060,Κρήτης,Ρεθύμνης,9314,ΑΓΙΟΥ ΒΑΣΙΛΕΙΟΥ,2832031507,,0Γ,,,65,0,195
181,AGIA GALINI-ΑΓΙΑ ΓΑΛΗΝΗ,ΦΟΥΝΤΙΔΑΚΗΣ ΚΩΝ/ΝΟΣ ΑΕ,ΑΓΙΑ ΓΑΛΗΝΗ ΡΕΘΥΜΝΗΣ,74056,Κρήτης,Ρεθύμνης,9314,ΑΓΙΟΥ ΒΑΣΙΛΕΙΟΥ,2832091386,,0Γ,,,36,0,108
182,WILD NATURE-ΑΓΡΙΑ ΦΥΣΗ,ΤΣΑΚΑΛΑΚΗΣ  ΓΕΩΡΓΙΟΣ,ΑΓ.ΝΙΚΟΛΑΟΣ  ΜΕΡΩΝΑ,74061,Κρήτης,Ρεθύμνης,9315,ΑΜΑΡΙΟΥ,2810323080,,0Β,5/28/2009,2009,18,0,72
183,ELIZABETH-ΕΛΙΖΑΜΠΕΘ,ΚΟΛΟΚΟΥΡΗΣ ΧΡΙΣΤΟΦΟΡΟΣ-ΠΑΝΤΑΛΕΩΝ,ΜΥΣΣΙΡΙΑ ΡΕΘΥΜΝΗΣ,74100,Κρήτης,Ρεθύμνης,9318,ΡΕΘΥΜΝΗΣ,2831028694,,0Γ,,,65,0,195
184,PALEOHORA-ΠΑΛΑΙΟΧΩΡΑ,ΛΑΖΟΠΟΥΛΑΚΗ  ΑΝΤΩΝΙΑ,ΠΑΛΑΙΟΧΩΡΑ ΧΑΝΙΩΝ,73001,Κρήτης,Χανίων,9321,ΚΑΝΤΑΝΟΥ - ΣΕΛΙΝΟΥ,2823041120,,0Γ,,,40,0,120
185,CAMPING GRAMMENO-ΓΡΑΜΜΕΝΟ,Γ.ΠΟΝΤΙΚΑΚΗ & ΣΙΑ Ε.Ε.,ΚΟΥΝΤΟΥΡΑΣ ΠΑΛΑΙΟΧΩΡΑΣ,73001 ,Κρήτης,Χανίων,9321,ΚΑΝΤΑΝΟΥ - ΣΕΛΙΝΟΥ,2823042125,,0Γ,11/24/2004,2004,30,0,100
186,NOPIGIA-ΝΩΠΗΓΕΙΑ,Α.ΜΑΚΡΑΚΗΣ & ΣΙΑ Ο.Ε.,ΝΩΠΗΓΕΙΑ ΧΑΝΙΩΝ,73400,Κρήτης,Χανίων,9322,ΚΙΣΣΑΜΟΥ,2822031329,,0Γ,1/1/1991,1991,36,0,144
187,MITHIMNA-ΜΙΘΥΜΝΑ,ΠΑΤΕΡΑΚΗΣ Μ.-ΒΟΥΛΓΑΡΑΚΗΣΜ. ΟΕ,ΔΡΑΠΑΝΙΑ ΚΙΣΣΑΜΟΥ,73400 ,Κρήτης,Χανίων,9322,ΚΙΣΣΑΜΟΥ,2822031444/5,,0Γ,6/10/1985,1985,54,0,162
188,KISSAMOS-ΚΙΣΣΑΜΟΣ,ΞΗΡΟΥΧΑΚΗ ΗΛ. ΑΦΟΙ ΑΕ,ΚΑΣΤΕΛΛΙ ΚΙΣΣΑΜΟΥ ΧΑΝΙΑ,73400 ,Κρήτης,Χανίων,9322,ΚΙΣΣΑΜΟΥ,2822023444,,0Γ,10/16/1992,1992,66,0,198
189,HANIA-ΧΑΝΙΑ,ΣΟΦΙΑ ΤΣΙΣΜΕΝΑΚΗ & ΣΙΑ ΟΕ,ΑΓΙΟΙ ΑΠΟΣΤΟΛΟΙ ΚΥΔΩΝΙΑΣ ΧΑΝΙΩΝ,73100 ,Κρήτης,Χανίων,9325,ΧΑΝΙΩΝ,2821031138,,0Γ,1/1/1985,1985,33,0,100
190,ΚΑΜΑΡΙ,ΒΑΜΒΑΚΟΥΣΗΣ ΕΥΑΓΓΕΛΟΣ,ΕΠΙΣΚΟΠΗ ΓΩΝΙΑΣ,84700,Νοτίου Αιγαίου (Κυκλάδες),Θήρας,9270,ΘΗΡΑΣ,,,0Δ,,,190,,570
191,ΣΑΝΤΟΡΙΝΗ,ΣΑΝΤΟΡΙΝΗ ΚΑΜΠΙΝΓΚ Ο.Ε.,ΦΗΡΑ ΘΗΡΑΣ,84700,Νοτίου Αιγαίου (Κυκλάδες),Θήρας,9270,ΘΗΡΑΣ,2286022944,,0Γ,,,90,,270
192,CALDERA VIEW,ΣΙΓΑΛΑΣ ΜΗΝΑΣ,ΜΕΓΑΛΟΧΩΡΙ,84700,Νοτίου Αιγαίου (Κυκλάδες),Θήρας,9270,ΘΗΡΑΣ,,,0Β,,,92,15,368
193,ΚΑΛΝΤΕΡΑ ΒΙΟΥ,ΣΙΓΑΛΑΣ ΜΗΝΑΣ,,84700,Νοτίου Αιγαίου (Κυκλάδες),Θήρας,9270,ΘΗΡΑΣ,,,0Β,,,92,15,368
194,ΙΟΣ ΚΑΜΠΙΝΓΚ,ΖΑΜΠΑΝΤΗΣ ΑΡΓΥΡΙΟΣ,ΛΙΜΑΝΙ,84001,Νοτίου Αιγαίου (Κυκλάδες),Θήρας,9271,ΙΗΤΩΝ,,,0Γ,,,96,,288
195,IOS CAMPING,ΖΑΜΠΑΝΤΗΣ ΑΡΓΥΡΙΟΣ,ΛΙΒΑΔΙ,84001,Νοτίου Αιγαίου (Κυκλάδες),Θήρας,9271,ΙΗΤΩΝ,,,0Γ,,,96,,288
196,ΣΤΑΡΣ,ΜΕΤΤΟΣ ΒΑΣΙΛΕΙΟΣ,ΜΥΛΟΠΟΤΑΣ,84002,Νοτίου Αιγαίου (Κυκλάδες),Θήρας,9271,ΙΗΤΩΝ,,,0Γ,,,88,13,404
197,ΛΙΒΑΔΙ,ΤΖΙΒΡΑΙΛΗ ΝΑΤΑΛΙΑ,ΛΕΙΒΑΔΙ,84011,Νοτίου Αιγαίου (Κυκλάδες),Θήρας,9273,ΦΟΛΕΓΑΝΔΡΟΥ,2286041204,,0Γ,,,50,,150
198,ΚΕΑ,ΠΟΛΙΤΗΣ ΝΙΚΟΛΑΟΣ,ΠΟΙΣΣΕΣ,84002,Νοτίου Αιγαίου (Κυκλάδες),Κέας - Κύθνου,9282,ΚΕΑΣ,2288031302,,0Γ,,,61,,183
199,ΠΕΡΙΣΣΑ ΜΠΗΤΣ ΚΑΜΠΙΝΓΚ,ΓΑΛΑΝΑΚΗΣ ΚΑΙ ΣΙΑ Ο.Ε.,ΠΕΡΙΣΣΑ,84700,Νοτίου Αιγαίου (Κυκλάδες),Μήλου,9270,ΘΗΡΑΣ,2286081343,,0Γ,,,83,,249
200,ΜΗΛΟΣ ΑΧΙΒΑΔΟΛΙΜΝΗ,ΔΩΡΙΚΗ Α.Ε.,ΑΧΙΒΑΔΟΛΙΜΝΗ,84800,Νοτίου Αιγαίου (Κυκλάδες),Μήλου,9287,ΜΗΛΟΥ,2287031410,,0Γ,,,63,12,300
201,ΚΟΡΑΛΛΙ,ΚΡΙΝΑΣ Α.Ε,ΛΕΙΒΑΔΑΚΙΑ,84005,Νοτίου Αιγαίου (Κυκλάδες),Μήλου,9288,ΣΕΡΙΦΟΥ,2281051073,,0Γ,,,78,8,269
202,ΠΛΑΤΥΣ ΓΥΑΛΟΣ,ΔΗΜΟΤΙΚΗ ΕΠΙΧΕΙΡΗΣΗ ΤΟΥΡΙΣΤΙΚΗΣ ΑΝΑΠΤΥΞΗΣ,ΠΛΑΤΥΣ ΓΥΑΛΟΣ,84003,Νοτίου Αιγαίου (Κυκλάδες),Μήλου,9289,ΣΙΦΝΟΥ,,,0Δ,,,100,,300
203,ΜΑΚΗΣ,ΚΟΡΑΚΗΣ ΙΑΚΩΒΟΣ,,84003,Νοτίου Αιγαίου (Κυκλάδες),Μήλου,9289,ΣΙΦΝΟΥ,2284032366,,0Γ,,,60,,120
204,ΜΥΚΟΝΟΣ ΚΑΜΠΙΝΓΚ,ΚΑΤΑΣΚΗΝΩΣΕΙΣ ΜΥΚΟΝΟΥ Α.Ε.,ΠΑΡΑΛΙΑ ΠΑΡΑΓΚΑ,84600,Νοτίου Αιγαίου (Κυκλάδες),Μυκόνου,9290,ΜΥΚΟΝΟΥ,2289025915,,0Β,,,65,,200
205,ΠΑΡΑΔΕΙΣΟΣ,PARADISE A.E.,ΚΑΛΑΜΟΠΟΔΙ,84600,Νοτίου Αιγαίου (Κυκλάδες),Μυκόνου,9290,ΜΥΚΟΝΟΥ,2289022852,,0Γ,,,68,,204
206,ΚΑΣΤΑΝΗΣ,ΓΙΑΝΝΑΚΟΣ ΗΛΙΑΣ,ΣΚΕΡΠΑΝΙΕΣ,84008,Νοτίου Αιγαίου (Κυκλάδες),Νάξου,9291,ΑΜΟΡΓΟΥ,2285071277,,0Γ,,,30,9,232
207,ΑΙΓΙΑΛΗ,ΣΥΝΟΔΙΝΟΣ ΙΩΑΝΝΗΣ,ΑΙΓΙΑΛΗ,84008,Νοτίου Αιγαίου (Κυκλάδες),Νάξου,9291,ΑΜΟΡΓΟΥ,2285073500,,0Γ,,,20,,80
208,ΑΜΟΡΓΟΣ,ΔΗΜΟΤΙΚΗ ΕΠΙΧΕΙΡΗΣΗ ΑΝΑΠΤΥΞΗΣ ΔΗΜΟΥ ΑΜΟΡΓΟΥ,ΚΑΤΑΠΟΛΑ,84008,Νοτίου Αιγαίου (Κυκλάδες),Νάξου,9291,ΑΜΟΡΓΟΥ,2285071257,,0Δ,,,250,,500
209,ΚΑΜΠΙΝΓΚ ΑΠΟΛΛΩΝ,ΚΟΝΔΥΛΗΣ ΑΕ,ΣΤΥΛΙΔΑ ΑΓΙΟΣ ΑΡΣΕΝΙΟΣ,84300,Νοτίου Αιγαίου (Κυκλάδες),Νάξου,9292,ΝΑΞΟΥ & ΜΙΚΡΩΝ ΚΥΚΛΑΔΩΝ,,,0Β,,,183,,549
210,ΚΑΜΠΙΝΓΚ ΜΑΡΑΓΚΑΣ,ΚΑΛΟΓΕΙΤΟΝΑ-ΚΑΡΕΓΛΑ Ξ.Τ.Α.Ε.,ΑΓΙΑ ΑΝΝΑ,84400,Νοτίου Αιγαίου (Κυκλάδες),Νάξου,9292,ΝΑΞΟΥ & ΜΙΚΡΩΝ ΚΥΚΛΑΔΩΝ,2285024552,,0Γ,,,125,20,580
211,ΝΑΞΟΣ ΚΑΜΠΙΝΓΚ,ΖΩΡΟΣ ΙΩΑΝΝΗΣ & ΑΠΟΣΤΟΛΟΣ,ΑΓΙΟΣ ΑΡΣΕΝΙΟΣ,84300,Νοτίου Αιγαίου (Κυκλάδες),Νάξου,9292,ΝΑΞΟΥ & ΜΙΚΡΩΝ ΚΥΚΛΑΔΩΝ,2285023500,,0Γ,,,98,,294
212,ΚΑΜΠΙΝΓΚ ΑΝΔΡΟΣ,ΣΤ.ΜΠΟΥΣΗΣ Κ' ΣΙΑ Ο.Ε.,ΓΑΥΡΙΟ,84500,Νοτίου Αιγαίου (Κυκλάδες),’νδρου,9268,ΑΝΔΡΟΥ,2282071444,,0Γ,,,63,,189
213,ΑΝΤΙΠΑΡΟΣ ΚΑΜΠΙΝΓΚ,ΚΑΛΑΡΓΥΡΟΣ ΙΩΑΝΝΗΣ,ΑΝΤΙΠΑΡΟΣ,84007,Νοτίου Αιγαίου (Κυκλάδες),Πάρου,9293,ΑΝΤΙΠΑΡΟΥ,2284061221,,0Γ,,,100,,300
214,ΠΑΡΑΣΠΟΡΟΣ,ΣΠΑΘΙΑΣ ΙΩΑΝΝΗΣ,ΠΑΡΟΙΚΙΑ,84400,Νοτίου Αιγαίου (Κυκλάδες),Πάρου,9294,ΠΑΡΟΥ,2284021874,,0Γ,,,68,,204
215,SURFING BEACH PAROS,ΣΑΓΚΡΙΩΤΗΣ ΖΑΝΝΗΣ Α.Ε.,ΝΑΟΥΣΑ,84400,Νοτίου Αιγαίου (Κυκλάδες),Πάρου,9294,ΠΑΡΟΥ,2284052491,,0Β,,,125,24,500
216,ΚΑΜΠΙΝΓΚ ΚΡΙΟΣ,ΚΑΛΥΨΩ ΓΑΒΡΙΗΛΙΔΗ - ΟΜ.ΚΑΤ.Α.Ε.,ΠΑΡΟΙΚΙΑ,84400,Νοτίου Αιγαίου (Κυκλάδες),Πάρου,9294,ΠΑΡΟΥ,2284021705,,0Γ,,,77,,231
217,ΚΟΥΛΑ,ΔΑΦΕΡΕΡΑΣ ΑΝΤΩΝΙΟΣ Α.Ξ.Τ.Ε.Ε.,ΠΑΡΟΙΚΙΑ,84400,Νοτίου Αιγαίου (Κυκλάδες),Πάρου,9294,ΠΑΡΟΥ,2284022081,,0Γ,,,60,,175
218,ΑΛΥΚΗ,ΣΚΙΑΔΑΣ ΕΜΜΑΝΟΥΗΛ ΑΞΤΕ,ΑΓΚΑΙΡΙΑ,84400,Νοτίου Αιγαίου (Κυκλάδες),Πάρου,9294,ΠΑΡΟΥ,2284091150,,0Γ,,,111,,333
219,ΑΓΙΑ ΕΙΡΗΝΗ,ΜΑΛΑΤΕΣΤΑΣ ΕΜΜΑΝΟΥΗΛ,ΠΑΡΟΙΚΙΑ,84400,Νοτίου Αιγαίου (Κυκλάδες),Πάρου,9294,ΠΑΡΟΥ,2284091056,,0Γ,,,59,,177
220,ΚΑΜΠΙΝΓΚ ΝΑΟΥΣΑ,ΡΑΓΚΟΥΣΗΣ ΓΙΩΡΓΟΣ,ΝΑΟΥΣΑ,84400,Νοτίου Αιγαίου (Κυκλάδες),Πάρου,9294,ΠΑΡΟΥ,2284051595,,0Γ,,,93,,279
221,ΚΑΜΠΙΝΓΚ ΚΑΠΤΑΙΝ ΚΑΥΚΗΣ,SAUTRE PATRICIA ANDREE,ΠΙΣΩ ΛΙΒΑΔΙ,84400,Νοτίου Αιγαίου (Κυκλάδες),Πάρου,9294,ΠΑΡΟΥ,2284042252,,0Γ,,,116,,348
222,ΓΙΑΝΝΑ,ΦΡΕΡΗΣ ΓΕΩΡΓΙΟΣ,ΓΑΛΗΣΣΑΣ,84100,Νοτίου Αιγαίου (Κυκλάδες),Σύρου,9300,ΣΥΡΟΥ-ΕΡΜΟΥΠΟΛΗΣ,,,0Γ,,,30,,90
223,ΔΥΟ ΚΑΡΔΙΕΣ,ΟΙ ΔΥΟ ΚΑΡΔΙΕΣ Α.Ε.,ΓΑΛΗΣΣΑΣ,84100,Νοτίου Αιγαίου (Κυκλάδες),Σύρου,9300,ΣΥΡΟΥ-ΕΡΜΟΥΠΟΛΗΣ,2281042052,,0Γ,,,61,,183
224,ΤΗΝΟΣ,ΔΕΛΗΓΙΑΝΝΗΣ ΠΕΤΡΟΣ,ΜΑΡΚΟΥ ΚΡΙΚΕΛΛΗ,84200,Νοτίου Αιγαίου (Κυκλάδες),Τήνου,9301,ΤΗΝΟΥ,2283022344,,0Γ,,,63,14,189
225,ΛΕΡΝΑ,ΧΡΟΝΟΠΟΥΛΟΣ ΕΛΕΥΘΕΡΙΟΣ,ΜΥΛΟΙ ΑΡΓΟΛΙΔΟΣ,0,Πελοποννήσου,Αργολίδας,9233,ΑΡΓΟΥΣ-ΜΥΚΗΝΩΝ,0751 47521,,0Γ,7/7/1981,1981,47,0,141
226,ΑΤΡΕΥΣ-ATREUS,ΜΗΤΡΟΒΓΕΝΗΣ ΠΑΝΤΕΛΗΣ,ΠΛΑΤΥ ΛΑΧΙΔΙ - ΜΥΚΗΝΕΣ,21200,Πελοποννήσου,Αργολίδας,9233,ΑΡΓΟΥΣ-ΜΥΚΗΝΩΝ,2751076221-2751076735,,0Γ,,,44,0,132
227,MYCENAE,ΔΑΡΣΙΝΟΣ ΟΡΕΣΤΗΣ ΤΟΥ ΜΑΡΙΝΟΥ,ΜΥΚΗΝΕΣ,21200,Πελοποννήσου,Αργολίδας,9233,ΑΡΓΟΥΣ-ΜΥΚΗΝΩΝ,6930339971,,0Γ,7/10/1975,1975,20,0,60
228,ΔΙΑΜΑΝΤΗΣ - DIAMANTHS,ΡΙΣΤΟΔΟΥΛΑΚΗΣ ΚΩΝΣΤΑΝΤΙΝΟΣ,ΝΕΑ ΕΠΙΔΑΥΡΟΣ,21054,Πελοποννήσου,Αργολίδας,9234,ΕΠΙΔΑΥΡΟΥ,2753031181,,0Γ,,,70,0,210
229,ΜΠΕΚΑΣ,ΚΩΝΣΤΑΝΤΙΝΟΣ ΜΠΕΚΑΣ & ΣΙΑ Ο.Ε,ΓΙΑΛΑΣΙ ΑΡΧ. ΕΠΙΔΑΥΡΟΥ,21059,Πελοποννήσου,Αργολίδας,9234,ΕΠΙΔΑΥΡΟΥ,2753041394,,0Β,,,150,0,450
230,ΝΕΑ ΕΠΙΔΑΥΡΟΣ,ΚΑΡΑΣΤΑΜΑΤΗΣ Ι. ΑΕ,Ν. ΕΠΙΔΑΥΡΟΣ -ΛΙΒΑΔΙ ΑΡΓΟΛΙΔΑΣ,21054,Πελοποννήσου,Αργολίδας,9234,ΕΠΙΔΑΥΡΟΥ,2752031296,,0Γ,5/15/2001,2001,61,0,183
231,ΝΙΚΟΛΑΣ ΙΙ,ΓΚΙΚΑ ΑΦΟΙ Ν. & ΣΙΑ ΟΕ,ΑΡΧΑΙΑ ΕΠΙΔΑΥΡΟΣ,21052,Πελοποννήσου,Αργολίδας,9234,ΕΠΙΔΑΥΡΟΥ,,,0Γ,,,44,0,132
232,ΝΙΚΟΛΑΣ Ι,ΓΚΙΚΑΣ ΙΩΑΝΝΗΣ,ΕΠΙΔΑΥΡΟΣ,21100,Πελοποννήσου,Αργολίδας,9234,ΕΠΙΔΑΥΡΟΥ,2753041203,,0Γ,,,18,0,54
233,VERDELIS,ΒΕΡΔΕΛΗΣ ΣΤΕΦΑΝΟΣ,ΕΠΙΔΑΥΡΟΣ,21100,Πελοποννήσου,Αργολίδας,9234,ΕΠΙΔΑΥΡΟΥ,0753041425/41332,,0Γ,4/13/1995,1995,36,0,108
234,ΡΗΛΑΞ,ΑΛΑΤΣΗΣ ΦΩΤΙΟΣ,ΚΟΙΛΑΔΑ ΕΡΜΙΟΝΙΔΑΣ,21300,Πελοποννήσου,Αργολίδας,9235,ΕΡΜΙΟΝΙΔΑΣ,2754061205,,0Γ,,,85,0,255
235,ΚΥΜΑ ΤΗΣ ΥΔΡΑΣ,ΓΑΛΑΝΟΠΟΥΛΟΣ ΑΝΔΡΕΑΣ,ΕΡΜΙΟΝΗ,21051,Πελοποννήσου,Αργολίδας,9235,ΕΡΜΙΟΝΙΔΑΣ,2754041095,,0Γ,,,70,0,210
236,ΚΑΣΤΡΑΚΙ ΚΑΜΠΙΝΓΚ,ΚΑΡΜΑΝΙΟΛΑ ΑΦΟΙ ΑΤΕ ΚΑΜΠΙΝΓΚ ΚΑΣΤΡΑΚΙ,ΑΡΧΑΙΑ ΑΣΙΝΗ,21100,Πελοποννήσου,Αργολίδας,9236,ΝΑΥΠΛΙΕΩΝ,275259386-87,,0Β,8/26/1996,1996,98,0,288
237,ANCIENT ASSINI BEACH,ΜΑΝΟΥΣΑΚΗΣ ΔΗΜΗΤΡΙΟΣ &ΣΙΑ ΟΕ,ΑΣΙΝΗ ΔΡΕΠΑΝΟΥ,21100,Πελοποννήσου,Αργολίδας,9236,ΝΑΥΠΛΙΕΩΝ,2752061587,,0Γ,11/1/1977,1977,43,0,150
238,SUNSET,,ΝΑΥΠΛΙΟΥ 1 ΤΟΛΟ,,Πελοποννήσου,Αργολίδας,9236,ΝΑΥΠΛΙΕΩΝ,,,0Γ,,,37,,111
239,ΙΡΙΑ ΜΠΗΤΣ ΚΑΜΠΙΝΓΚ - IRIA BEACH,ΜΗΤΣΟΠΟΥΛΟΣ ΒΑΣΙΛΕΙΟΣ,ΠΑΡΑΛΙΑ ΙΡΙΩΝ ΑΣΙΝΗΣ,21060,Πελοποννήσου,Αργολίδας,9236,ΝΑΥΠΛΙΕΩΝ,2752094253-94254-94253,,0Γ,,,44,0,142
240,ΑΚΤΗ ΠΛΑΚΑ-PLAKA BEACH,DANDIS AE ΤΟΥΡ. ΞΕΝΟΔ. ΕΠΙΧΕΙΡΗΣΕΙΣ,ΔΡΕΠΑΝΟ ΑΣΙΝΗΣ,21060,Πελοποννήσου,Αργολίδας,9236,ΝΑΥΠΛΙΕΩΝ,2752092194-5,,0Γ,,,36,0,108
241,ΛΕΥΚΑ ΑΚΤΗ,ΓΑΒΡΗΛΟΣ ΠΑΝΑΓΙΩΤΗΣ & ΣΙΑ ΟΕ,ΒΙΒΑΡΙ ΑΣΙΝΗΣ,21100,Πελοποννήσου,Αργολίδας,9236,ΝΑΥΠΛΙΕΩΝ,2752092334,,0Γ,,,104,0,312
242,ΠΟΣΕΙΔΩΝ,Κ. ΜΑΡΚΟΥ & ΣΙΑ Ο.Ε,ΠΑΡΑΛΙΑ ΙΡΙΩΝ,21060,Πελοποννήσου,Αργολίδας,9236,ΝΑΥΠΛΙΕΩΝ,2752094091,,0Γ,,,81,0,243
243,ΞΕΝΙ - XENI,ΦΛΙΓΚΑ ΓΕΩΡΓΙΑ,ΚΑΣΤΡΑΚΙ ΑΣΙΝΗΣ,21100,Πελοποννήσου,Αργολίδας,9236,ΝΑΥΠΛΙΕΩΝ,2752059338,,0Γ,,,31,0,93
244,ΑΡΓΟΛΙΚΗ ΑΚΤΗ,ΝΤΑΝΤΗΣ ΗΛΙΑΣ & ΣΙΑ Ο.Ε,ΔΡΕΠΑΝΟ ΑΣΙΝΗΣ,21060,Πελοποννήσου,Αργολίδας,9236,ΝΑΥΠΛΙΕΩΝ,2752092876,,0Γ,,,44,0,153
245,ΤΟΛΟ ΠΛΑΖ,ΝΙΩΤΗΣ ΠΑΝΑΓΙΩΤΗΣ,ΜΠΟΥΜΠΟΥΛΙΝΑΣ 2,0,Πελοποννήσου,Αργολίδας,9236,ΝΑΥΠΛΙΕΩΝ,0752-59133,,0Γ,,1996,12,0,36
246,LIDO II,ΣΑΜΠΑΡΙΩΤΗΣ ΕΜΜΑΝΟΥΗΛ,ΤΟΛΟ - ΑΣΙΝΗΣ -ΝΑΥΠΛΙΟΥ,21056,Πελοποννήσου,Αργολίδας,9236,ΝΑΥΠΛΙΕΩΝ,0752-27213/28494,,0Γ,5/29/1995,1995,60,0,180
247,ASTROS,ΠΛΑΤΗΣ ΔΗΜΗΤΡΙΟΣ & ΣΙΑ Ο.Ε,ΠΑΡΑΛΙΟΥ ΑΣΤΡΟΥΣ,22001,Πελοποννήσου,Αρκαδίας,9237,ΒΟΡΕΙΑΣ ΚΥΝΟΥΡΙΑΣ,2755051500-2751022267,,0Γ,,,69,0,207
248,ΡΕΠΟΝΤΙΝΑ,ΥΙΟΙ ΑΘΑΝ. ΚΟΥΛΕΝΤΙΑΝΟΥ ΟΕ,,22006,Πελοποννήσου,Αρκαδίας,9237,ΒΟΡΕΙΑΣ ΚΥΝΟΥΡΙΑΣ,2755091091,,0Γ,11/26/1984,1984,100,,300
249,ΘΥΡΕΑ,ΦΛΩΚΑΣ ΘΕΟΔΩΡΟΣ & ΣΙΑ Ο.Ε,ΠΑΡΑΛΙΟ ΑΣΤΡΟΣ,22001,Πελοποννήσου,Αρκαδίας,9237,ΒΟΡΕΙΑΣ ΚΥΝΟΥΡΙΑΣ,2755051002,,0Γ,,,60,0,180
250,ΤΣΕΡΦΟΣ,ΣΟΥΡΣΟΥ ΕΛΕΝΗ ΤΟΥ ΓΕΩΡΓΙΟΥ,ΛΕΩΝΙΔΙΟ,22300,Πελοποννήσου,Αρκαδίας,9240,ΝΟΤΙΑΣ ΚΥΝΟΥΡΙΑΣ,2757041083,,0Γ,,,45,0,130
251,ΖΑΡΙΤΣΙ,CAMPING ΖΑΡΙΤΣΙ Α.Ε,ΤΥΡΟΣ,23001,Πελοποννήσου,Αρκαδίας,9240,ΝΟΤΙΑΣ ΚΥΝΟΥΡΙΑΣ,2757041074 6947045561,,0Γ,4/12/1995,1995,76,0,228
252,ΜΠΛΕ ΔΕΛΦΙΝΙ - BLUE DOLPHIN,ΚΟΥΣΠΟΥ ΑΝΝΑ - ΕΛΕΥΘΕΡΙΑ,ΛΕΧΑΙΟ,20011,Πελοποννήσου,Κορινθίας,9243,ΚΟΡΙΝΘΙΩΝ,2741025766-2741085959,,0Β,,,74,0,222
253,ΜΠΙΑΡΡΙΤΖ-BIARRITZ,ΣΠΑΝΟΣ ΜΕΡΚΟΥΡΙΟΣ,ΑΛΜΥΡΗ,20100,Πελοποννήσου,Κορινθίας,9243,ΚΟΡΙΝΘΙΩΝ,2741033441,,0Γ,,,32,0,96
254,ISTHMIA BEACH,ΚΟΥΤΣΟΓΚΙΛΑ ΔΗΜΗΤΡΑ ΕΠΕ   ΤΟΥΡ. & ΞΕΝ. ΕΠΙΧ.,ΙΣΘΜΙΑ ΚΟΡΙΝΘΙΑΣ,,Πελοποννήσου,Κορινθίας,9243,ΚΟΡΙΝΘΙΩΝ,2741037720,,0Β,,,100,0,300
255,ΚΟΡΙΝΘΙΑΚΗ ΑΚΤΗ,ΘΕΟΔΟΣΙΟΥ-ΔΗΜΟΓΕΡΟΝΤΑ ΣΟΦΙΑ,ΚΑΝΤΑΡΕ ΑΡΧΑΙΑΣ ΚΟΡΙΝΘΟΥ,20100,Πελοποννήσου,Κορινθίας,9243,ΚΟΡΙΝΘΙΩΝ,0741/27920,,0Γ,5/5/1999,1999,33,0,99
256,ΠΟΣΕΙΔΩΝ,ΠΙΠΙΝΗΣ ΣΠΥΡΟΣ-ΠΙΠΙΝΗΣ ΓΕΩΡΓΙΟΣ ΟΕ,ΑΛΜΥΡΗ,20100,Πελοποννήσου,Κορινθίας,9243,ΚΟΡΙΝΘΙΩΝ,0741-33302,,0Γ,8/23/1978,1978,81,0,243
257,ΓΛΑΡΟΣ,ΧΙΩΤΗ ΒΑΣΙΛΙΚΗ,61 ΧΙΛ. ΠΕΟ ΑΘΗΝΩΝ - ΚΟΡΙΝΘΟΥ,,Πελοποννήσου,Κορινθίας,9244,ΛΟΥΤΡΑΚΙΟΥ-ΑΓ.ΘΕΟΔΩΡΩΝ,2296062805,,0Γ,,,60,0,180
258,ΛΙΜΝΗ ΗΡΑΙΟΥ - LIMNI IREOU,ΓΕΡΟΥ ΙΩΑΝΝΗΣ,ΛΙΜΝΗ ΗΡΑΙΟΥ ΠΕΡΑΧΩΡΑΣ,20300,Πελοποννήσου,Κορινθίας,9244,ΛΟΥΤΡΑΚΙΟΥ-ΑΓ.ΘΕΟΔΩΡΩΝ,2741091229-2741091230,,0Δ,,,31,0,124
259,ΑΛΚΥΟΝΗ,ΑΛΚΥΟΝΗ HOLIDAYS A.E,ΘΕΣΗ ΒΛΗΧΑ ΚΟΙΝ.ΠΙΣΙΩΝ,20100,Πελοποννήσου,Κορινθίας,9244,ΛΟΥΤΡΑΚΙΟΥ-ΑΓ.ΘΕΟΔΩΡΩΝ,2744057294-6977355205,,0Γ,12/18/1992,1992,167,0,501
260,ΜΕΛΤΕΜΙ-MELTEMI,ΓΙΑΝΝΑΚΑΚΟΥ ΑΛΕΞΑΝΔΡΑ κ ΣΙΑ ΕΕ,ΜΑΥΡΟΒΟΥΝΙ,23200,Πελοποννήσου,Λακωνίας,9248,ΑΝΑΤΟΛΙΚΗΣ ΜΑΝΗΣ,0733-23833,,0Α,4/13/1995,1995,98,0,288
261,ΑΚΤΗ ΔΙΑΣ - DIAS BEACH,CAMP BEACH A.E,ΒΑΘΥ ΓΥΘΕΙΟΥ,23200,Πελοποννήσου,Λακωνίας,9248,ΑΝΑΤΟΛΙΚΗΣ ΜΑΝΗΣ,2733093293,,0Β,,,100,0,400
262,ΠΟΡΤΟ ΑΓΕΡΑΝΟΣ-PORTO AGERANOS,ΚΑΨΟΚΟΛΗΣ ΠΡΟΚΟΠΙΟΣ,ΒΑΘΥ ΓΥΘΕΙΟΥ,23200,Πελοποννήσου,Λακωνίας,9248,ΑΝΑΤΟΛΙΚΗΣ ΜΑΝΗΣ,2733093342-6975733776,,0Γ,,,38,0,114
263,ΑΚΤΗ ΜΑΝΗ,ΔΙΟΝΥΣΙΟΣ ΛΙΝΟΣ & ΥΙΟΙ Ο.Ε,ΜΑΥΡΟΒΟΥΝΙ ΓΥΘΕΙΟΥ,23200,Πελοποννήσου,Λακωνίας,9248,ΑΝΑΤΟΛΙΚΗΣ ΜΑΝΗΣ,2733023450,,0Γ,,,238,,714
264,ΚΡΟΝΟΣ,ΔΡΑΚΟΥΛΑΚΟΥ ΑΦΟΙ Ο.Ε,ΒΑΘΥ ΓΥΘΕΙΟΥ Ν. ΛΑΚΩΝΙΑΣ,23200,Πελοποννήσου,Λακωνίας,9248,ΑΝΑΤΟΛΙΚΗΣ ΜΑΝΗΣ,,,0Γ,,,69,0,207
265,ΚΟΛΠΟΣ ΓΥΘΕΙΟΥ GYTHION BAY,ΕΠΙΧΕΙΡΗΣΕΙΣ ΑΝΩΝΥΜΗ ΕΤΑΙΡΕΙΑ,ΜΑΥΡΟΒΟΥΝΙ ΓΥΘΕΙΟΥ,23200,Πελοποννήσου,Λακωνίας,9248,ΑΝΑΤΟΛΙΚΗΣ ΜΑΝΗΣ,2733022522,,0Γ,,,71,0,213
266,ΣΙΜΟΣ ΕΛΑΦΟΝΗΣΟΣ,SIMOS PARADISE Ε.Π.Ε.,ΕΛΑΦΟΝΗΣΟΣ,23053,Πελοποννήσου,Λακωνίας,9249,ΕΛΑΦΟΝΗΣΟΥ,"0734-22672,3-22897",,0Γ,7/6/2001,2001,125,4,520
267,ΠΑΛΑΙΟΛΟΓΙΟ ΜΥΣΤΡΑΣ,ΚΑΠΕΤΑΝΕΑΣ ΑΛΕΞΙΟΣ,,,Πελοποννήσου,Λακωνίας,9252,ΣΠΑΡΤΗΣ,,,0Γ,,,60,0,180
268,CASTLE VIEW,ΜΥΣΤΡΑΣ Α.Ε ΤΟΥΡ. & ΞΕΝ. ΕΠΙΧ. Α.Ε,ΜΥΣΤΡΑΣ ΛΑΚΩΝΙΑΣ,23100,Πελοποννήσου,Λακωνίας,9252,ΣΠΑΡΤΗΣ,2731083303,,0Γ,,,72,0,216
269,ΤΑ ΔΕΛΦΙΝΙΑ,ΠΕΡΔΙΚΕΑΣ ΚΥΡΙΑΚΟΣ ΤΟΥ ΣΤΑΥΡΟΥ,ΚΑΡΔΑΜΥΛΗ,24022,Πελοποννήσου,Μεσσηνίας,9253,ΔΥΤΙΚΗΣ ΜΑΝΗΣ,,,0Γ,,,72,0,216
270,ΚΑΛΟΓΡΙΑ,ΕΥΑΓΓΕΛΙΑ ΜΑΛΑΚΟΥΔΗ,ΚΑΛΟΓΡΙΑ ΣΤΟΥΠΑ,24024,Πελοποννήσου,Μεσσηνίας,9253,ΔΥΤΙΚΗΣ ΜΑΝΗΣ,2721077319,,0Β,11/5/1980,1980,102,0,306
271,ΦΑΡΑΙ,ΦΟΥΝΤΕΑ ΠΑΝΑΓΙΩΤΑ,ΦΑΡΑΙ ΚΑΛΑΜΑΤΑΣ,24100,Πελοποννήσου,Μεσσηνίας,9254,ΚΑΛΑΜΑΤΑΣ,2721029520,,0Γ,6/21/1969,1969,28,0,84
272,ΑΓΙΟΣ ΑΝΔΡΕΑΣ,ΒΑΛΣΑΜΑΚΗΣ Π-ΣΕΡΕΜΕΤΗΣ Γ.,ΑΓΙΟΣ ΑΝΔΡΕΑΣ,,Πελοποννήσου,Μεσσηνίας,9255,ΜΕΣΣΗΝΗΣ,,,0Γ,,,,,
273,ΠΕΤΑΛΙΔΙ ΜΠΗΤΣ PETALIDI BEACH,ΧΑΛΒΑΤΣΙΩΤΗΣ ΔΗΜΗΤΡΙΟΣ,ΓΩΝΙΕΣ ΠΕΤΑΛΙΔΙΟΥ,24005,Πελοποννήσου,Μεσσηνίας,9255,ΜΕΣΣΗΝΗΣ,2722031154-2722084251,,0Γ,,,68,0,204
274,ΜΕΝΙ BEACH,ΜΑΡΓΟΣ ΓΕΩΡΓΙΟΣ -ΜΟΥΡΓΟΣ ΔΙΟΝ ΕΠΕ,ΚΟΡΩΝΗ,24004,Πελοποννήσου,Μεσσηνίας,9257,ΠΥΛΟΥ-ΝΕΣΤΟΡΟΣ,,,0Γ,,,88,,264
275,ΚΟΡΩΝΗ,ΔΗΜΗΤΡΟΥΛΑ Α. ΚΑΙ ΣΙΑ Α.Ε,ΚΟΡΩΝΗ ΜΕΣΣΗΝΙΑΣ,24004,Πελοποννήσου,Μεσσηνίας,9257,ΠΥΛΟΥ-ΝΕΣΤΟΡΟΣ,0725-22119,,0Γ,9/25/1989,1989,86,0,258
276,ΤΣΑΠΙ,ΛΑΜΠΡΟΠΟΥΛΟΣ ΘΕΟΔΩΡΟΣ,ΧΡΥΣΟΚΕΛΑΡΙΑ ΚΟΡΩΝΗΣ,24004,Πελοποννήσου,Μεσσηνίας,9257,ΠΥΛΟΥ-ΝΕΣΤΟΡΟΣ,,,0Γ,,,45,0,180
277,ΛΟΥΤΣΑ,ΤΣΩΝΗΣ ΝΙΚΟΛΑΟΣ ΤΟΥ ΠΑΝΑΓΙΩΤΗ,ΛΟΥΤΣΑ ΦΟΙΝΙΚΟΥΝΤΑΣ,24006,Πελοποννήσου,Μεσσηνίας,9257,ΠΥΛΟΥ-ΝΕΣΤΟΡΟΣ,2723071169,,0Γ,,,59,0,177
278,ΜΕΘΩΝΗ,,ΜΕΘΩΝΗ ΜΕΣΣΗΝΙΑΣ,24006,Πελοποννήσου,Μεσσηνίας,9257,ΠΥΛΟΥ-ΝΕΣΤΟΡΟΣ,,,0Δ,,,100,0,300
279,ΘΙΝΕΣ,,ΦΟΙΝΙΚΟΥΝΤΑ,24006,Πελοποννήσου,Μεσσηνίας,9257,ΠΥΛΟΥ-ΝΕΣΤΟΡΟΣ,2723071200,,0Γ,,,50,0,200
280,ΦΟΙΝΙΚΕΣ,ΤΣΩΝΗΣ ΗΛ. - ΚΛΗΡΟΠΟΥΛΟΣ ΘΕΩΔ. ΙΩΣΗΦΕΛΗΣ ΣΠ. Ο.Ε.Ε,ΜΕΘΩΝΗ,24006,Πελοποννήσου,Μεσσηνίας,9257,ΠΥΛΟΥ-ΝΕΣΤΟΡΟΣ,27230771201,,0Γ,,,81,12,372
281,ΑΜΜΟΣ,ΤΟΜΑΡΑΣ ΝΙΚΟΛΑΟΣ & ΤΟΜΑΡΑΣ ΚΩΝ/ΝΟΣ,ΦΟΙΝΙΚΟΥΝΤΑ,24006,Πελοποννήσου,Μεσσηνίας,9257,ΠΥΛΟΥ-ΝΕΣΤΟΡΟΣ,2723071262,,0Γ,,,81,0,243
282,ΑΝΕΜΟΜΥΛΟΣ,ΑΦΟΙ Κ. ΡΟΜΠΑΚΗ - ΑΝΕΜΟΜΥΛΟΣ Α.Ε,ΑΝΕΜΟΜΥΛΟΣ ΦΟΙΝΙΚΟΥΝΤΑ,24006,Πελοποννήσου,Μεσσηνίας,9257,ΠΥΛΟΥ-ΝΕΣΤΟΡΟΣ,2723071360,,0Γ,,,75,0,300
283,ΝΑΥΑΡΙΝΟ,ΚΑΡΑΜΠΑΤΣΟΣ ΑΝΑΣΤΑΣΙΟΣ ΑΤΕ ΅ΝΑΥΑΡΙΝΟΆ,ΓΙΑΛΟΒΑ,24001,Πελοποννήσου,Μεσσηνίας,9257,ΠΥΛΟΥ-ΝΕΣΤΟΡΟΣ,0723-22761,,0Γ,11/20/1989,1989,71,0,213
284,ΝΑΥΑΡΙΝΟ ΙΙ-NAVARINO II,ΑΝΑΣΤΑΣΙΟΣ ΚΑΡΑΜΠΑΤΣΟΣΑΝΩΝΥΜΗ ΤΟΥΡΙΣΤΙΚΗ ΕΤΑΙΡΙΑ,ΑΣΠΡΟΧΩΜΑ ΓΙΑΛΟΒΑΣ ΠΥΛΟΥ,24001,Πελοποννήσου,Μεσσηνίας,9257,ΠΥΛΟΥ-ΝΕΣΤΟΡΟΣ,2723022973,,0Γ,,,0,0,0
285,ΕΡΩΔΙΟΣ,ΠΑΝΟΥΡΓΙΑΣ ΕΥΘΥΜΙΟΣ ΤΟΥ ΙΑΚΩΒΟΥ,ΓΟΥΒΑ ΓΙΑΛΟΒΑΣ ΠΥΛΟΥ,24001,Πελοποννήσου,Μεσσηνίας,9257,ΠΥΛΟΥ-ΝΕΣΤΟΡΟΣ,2723028240-6973380550,,0Β,,,98,8,392
286,ΠΡΩΤΗ,ΕΛΕΝΗ Η. ΒΑΡΟΥΤΣΟΥ & ΣΙΑ ΕΕ,ΜΑΡΑΘΟΠΟΛΗ,24400,Πελοποννήσου,Μεσσηνίας,9258,ΤΡΙΦΥΛΙΑΣ,0763-61211,,0Γ,4/25/1991,1991,59,0,177
287,ΚΥΠΑΡΙΣΣΙΑ,ΑΦΟΙ ΧΡΙΣΤΟΠΟΥΛΟΙ Ο.Ε,ΚΑΜΠΟΣ,24500,Πελοποννήσου,Μεσσηνίας,9258,ΤΡΙΦΥΛΙΑΣ,,,0Γ,,,108,0,324
288,ΠΛΟΥΤΑΡΧΟΣ,ΝΤΑΝΤΗΣ ΔΗΜΗΤΡΙΟΣ,ΠΑΡΑΛΙΑ ΠΟΛΙΤΙΚΩΝ ΝΕΡΟΤΡΙΒΙΑΣ,34400,Στερεάς Ελλάδας,Ευβοίας,9148,ΔΙΡΦΥΩΝ-ΜΕΣΣΑΠΙΩΝ,22280 31053,,0Γ,,2004,67,,268
289,ΠΡΑΪΑ-ΝΤΑΛΟΥΖ,Α. ΓΚΙΚΑΣ-Σ. ΤΡΙΑΝΤΗΣ & ΣΙΑ Ο.Ε.,ΘΕΣΗ ΔΡΟΣΙΑ ΧΑΛΚΙΔΑΣ,341 00,Στερεάς Ελλάδας,Ευβοίας,9155,ΧΑΛΚΙΔΕΩΝ,22210 62142,,0Γ,,,50,0,200
290,TENNIS CLUB,ΛΙΒΑΝΑΤΕΣ ΑΕ ΤΟΥΡ.ΞΕΝ.ΕΠΙΧ.,,35007,Στερεάς Ελλάδας,Φθιώτιδας,9161,ΛΟΚΡΩΝ,0233-23305,,0Γ,11/9/1988,1988,110,0,330
291,BLUE BAY,ΚΩΝ/ΝΟΣ ΨΙΜΟΓΙΑΝΝΟΣ Τ.Α.Ε. Α.Ε.,ΑΓΙΟΣ ΚΩΝΣΤΑΝΤΙΝΟΣ,35006,Στερεάς Ελλάδας,Φθιώτιδας,9163,ΜΩΛΟΥ - ΑΓΙΟΥ ΚΩΝΣΤΑΝΤΙΝΟΥ,22350 31130-1,,0Β,,,61,,183
292,ΚΟΠΕΛΙΑ (COPELLIA),ΚΟΥΤΟΥΒΑΛΑ ΑΙΚΑΤΕΡΙΝΗ,ΑΣΠΡΟΝΕΡΙ-ΑΓ.ΚΩΝ/ΝΟΣ,35006,Στερεάς Ελλάδας,Φθιώτιδας,9163,ΜΩΛΟΥ - ΑΓΙΟΥ ΚΩΝΣΤΑΝΤΙΝΟΥ,0235-22000,,0Γ,7/17/1997,1997,41,0,128
293,CAMPING ΕΟΤ ΚΑΜΕΝΩΝ ΒΟΥΡΛΩΝ,Υ/Α ΕΟΤ ΚΑΜΠΙΝΓΚ ΚΑΜΜΕΝΩΝ ΒΟΥΡΛΩΝ,ΚΑΜΜΕΝΑ ΒΟΥΡΛΑ,35008,Στερεάς Ελλάδας,Φθιώτιδας,9163,ΜΩΛΟΥ - ΑΓΙΟΥ ΚΩΝΣΤΑΝΤΙΝΟΥ,0235 - 22053-5 ,,0Α,,1996,250,50,1200
294,INTERSTASION,ΤΟΥΡ/ΚΕΣ ΕΠΙΧ/ΣΕΙΣ INTERSTASION ΚΑΜΠΙΝΓΚ ΕΠΕ,ΦΑΛΑΡΩΝ 10,35300,Στερεάς Ελλάδας,Φθιώτιδας,9164,ΣΤΥΛΙΔΟΣ,22380 23827-8,,0Γ,,,79,16,380
295,ΠΑΡΡΑΣ,ΠΑΡΡΑΣ ΚΑΜΠΙΝΓΚ,ΠΕΡΙΚΛΕΟΥΣ 4,35300,Στερεάς Ελλάδας,Φθιώτιδας,9164,ΣΤΥΛΙΔΟΣ,0238-22221,,0Β,9/8/1983,1983,33,0,99
296,ΑΠΟΛΛΩΝ,ΚΟΝΤΟΓΙΑΝΝΗΣ ΝΙΚΟΛΑΟΣ  Ξ.Τ.Ν.Ε.Κ.Β.  Α.Ε.,ΔΕΛΦΟΙ,33054,Στερεάς Ελλάδας,Φωκίδας,9165,ΔΕΛΦΩΝ,22650 82750,,0Γ,4/18/1995,1995,36,0,108
297,ΚΑΠΑΡΕΛΗΣ ΚΑΜΠΙΝΓΚ,ΚΑΠΑΡΕΛΗ ΑΦΟΙ Ο.Ε.ΚΑΠΑΡΕΛΗΣ ΚΑΜΠΙΝΓΚ,,0,Στερεάς Ελλάδας,Φωκίδας,9165,ΔΕΛΦΩΝ,0265-32989,,0Γ,,1996,108,0,378
298,BEACH CAMP,ΛΑΓΓΟΥΡΑΝΗ Μ.-Ε.ΑΡΓΥΡΟΠΟΥΛΟΣ ΟΕ,,33200,Στερεάς Ελλάδας,Φωκίδας,9165,ΔΕΛΦΩΝ,0265-32305,,0Γ,5/15/1979,1979,62,0,186
