NAME1,SCHEDULES_ALL,SCHEDULES_COMMENT,SCHEDULES_DAYOFF,SCHEDULES_SUMMER,SCHEDULES_WINTER,TITLE, 
Αθανασάκειο Αρχαιολογικό Μουσείο Βόλου,,,,Από 1 Μαΐου έως 31 Οκτωβρίου  08:00-17:00,Από 1η Ιανουαρίου έως 31 Μαρτίου: 08:00- 15:00,Μουσείο, 
Αντωνοπούλειο Αρχαιολογικό Μουσείο,,,,,"Η ΛΗ΄ Εφορεία Προϊστορικών και Κλασικών Αρχαιοτήτων ανακοινώνει ότι το Αντωνοπούλειο Αρχαιολογικό Μουσείο της Πύλου  έκλεισε επίσημα για το κοινό στις 27 Ιανουαρίου 2014 προκειμένου να υλοποιηθεί το έργο  «Επανέκθεση Αρχαιολογικού Μουσείου Πύλου, Δ. Πύλου – Νέστορος Περιφέρειας Πελoποννήσου». 
Το έργο αφορά στην επανέκθεση παλαιών ευρημάτων που φιλοξενούνται στο Αντωνοπούλειο Αρχαιολογικό Μουσείο Πύλου αλλά και νεότερων που έχουν προκύψει από τις ανασκαφικές έρευνες των τελευταίων ετών στην περιοχή της Πυλίας.  Η Επανέκθεση με τίτλο ‘Στα Ίχνη της Πύλου…..’ θα μετεγκατασταθεί στο κτήριο ‘Μαιζώνος’ στο Νιόκαστρο Πύλου με σκοπό τη δημιουργία ενός πολυεπίπεδου πολιτιστικού  κόμβου.
Η  «Επανέκθεση του Αρχαιολογικού Μουσείου Πύλου, Δ. Πύλου – Νέστορος Περιφέρειας Πελoποννήσου» έχει ενταχθεί στο  Επιχειρησιακό Πρόγραμμα «Ανταγωνιστικότητα και Επιχειρηματικότητα (ΕΠΑΝ ΙΙ)» με προϋπολογισμό  1.099.750,00€ και αναμένεται να ολοκληρωθεί  τον Οκτώβριο του 2015. 
 Μέσα από την ιστοσελίδα και τη σελίδα κοινωνικής δικτύωσης (facebook) του Αρχαιολογικού Μουσείου Μεσσηνίας η ΛΗ΄ Εφορεία Προϊστορικών και Κλασικών Αρχαιοτήτων θα ταξιδεύει τους επισκέπτες σε όλα τα στάδια της δημιουργίας της  επανέκθεσης.  

Για περισσότερες πληροφορίες επισκεφθείτε την ιστοσελίδα:
  
http://www.archmusmes.gr/",Μουσείο, 
Αρχαιολογική - Λαογραφική Συλλογή Νάπης,,Η Συλλογή θα είναι επισκέψιμη κατόπιν τηλεφωνικής επικοινωνίας στο τηλέφωνο 22530-31786,,Η Συλλογή παραμένει κλειστή λόγω έλλειψης φυλακτικού προσωπικού.,Η Συλλογή παραμένει κλειστή λόγω έλλειψης φυλακτικού προσωπικού.,Μουσείο, 
Αρχαιολογική Συλλογή Αμοργού,,Δευτέρα-Τετάρτη κλειστά,,(1 Ιουνίου έως 31 Οκτωβρίου 2013) Τρίτη-Κυριακή: 08:00-15:00,(31 Δεκεμβρίου 2013 έως 31 Μαρτίου του 2014) Πέμπτη-Κυριακή 08:00-15:00,Μουσείο, 
Αρχαιολογική Συλλογή Βολισσού,,,,"Από Δευτέρα ως Παρασκευή: 08:00 - 15:00 έως τις 31-10-2014.
Σαββατοκύριακα κλειστά.","Από Δευτέρα ως Παρασκευή: 08:00 - 15:00 έως τις 31-3-2014.
Σαββατοκύριακα κλειστά.",Μουσείο, 
Αρχαιολογική Συλλογή Γαλαξιδίου,Καθημερινά 07.30-15.30,Κάθε Δευτέρα κλειστό.,,,,Μουσείο, 
Αρχαιολογική Συλλογή Διστόμου,,Κλειστό κάθε Δευτέρα,,,Από 1η Νοεμβρίου έως 31 Μαίου 2013: 08:00-15:00,Μουσείο, 
Αρχαιολογική Συλλογή Ελάτειας,Κάθε Κυριακή 10.00-14.30,,,,,Μουσείο, 
Αρχαιολογική Συλλογή Ερεσού,,,,"Aνοιχτά Τρίτη ως Κυρικακή: 08:00 - 15:00 ως τις 31-10-2014.
 Δευτέρα: κλειστά.","Aνοιχτά Τρίτη ως Κυρικακή: 08:00 - 15:00 ως τις 31-3-2014.
 Δευτέρα: κλειστά.",Μουσείο, 
Αρχαιολογική Συλλογή Κοζάνης,,,,,Από 1η Νοεμβρίου έως 31 Μαρτίου 2010: 08:30-15:00,Μουσείο, 
Αρχαιολογική Συλλογή Λιδορικίου,,Η Συλλογή είναι κλειστή για το κοινό,,,,Μουσείο, 
Αρχαιολογική Συλλογή Μονεμβασιάς,,Δευτέρα κλειστά,,"Από 1η Ιουλίου έως 31 Οκτωβρίου 2012, Τρίτη-Κυριακή: 09:00-16:00","Από 1η Νοεμβρίου 2012 έως 31 Μαρτίου 2013, Τρίτη-Κυριακή: 08:00-15:00",Μουσείο, 
Αρχαιολογική Συλλογή Νεαπόλεως,,Κλειστή,,,,Μουσείο, 
Αρχαιολογική Συλλογή Σερίφου,,"Δευτέρα, Τετάρτη κλειστό.",,,"(31 Δεκεμβρίου 2013 έως 31 Μαρτίου 2014) Τρίτη, Πέμπτη-Κυριακή 09:00-16:00.",Μουσείο, 
Αρχαιολογική Συλλογή Σταυρού Ιθάκης,Τρίτη-Κυριακή 9.00-16.00,Δευτέρα κλειστό,,,,Μουσείο, 
Αρχαιολογική Συλλογή Τιθορέας,,,,,Από 1η Νοεμβρίου έως 31 Μαρτίου 2010: 08:30-15:00,Μουσείο, 
Αρχαιολογικό Μουσείο Αβδήρων,Δευτέρα-Κυριακή:08:30-15:00,"Για περισσότερες πληροφορίες, παρακαλούμε επικοινωνήστε στα τηλέφωνα της ΛΑ' ΕΠΚΑ (τηλ. +30 25410 51003, +30 25410 51783).",,,,Μουσείο, 
Αρχαιολογικό Μουσείο Αγίου Νικολάου,,"Από την Τετάρτη 21 Δεκεμβρίου 2011 το Μουσείο είναι κλειστό για το κοινό, λόγω εργασιών επέκτασης και εκσυγχρονισμού.",,,,Μουσείο, 
Αρχαιολογικό Μουσείο Αιανής,,,,Από 1η Απριλίου έως 31 Οκτωβρίου 2014: 08:30-15:00,Από 1η Νοεμβρίου έως 31 Μαρτίου 2014: 08:30-15:00,Μουσείο, 
Αρχαιολογικό Μουσείο Αιγίου,Τρίτη-Κυριακή 08 .00-15.00,Δευτέρα : κλειστό,,,,Μουσείο, 
Αρχαιολογικό Μουσείο Αλμυρού,08:00-15:00,,,,,Μουσείο, 
Αρχαιολογικό Μουσείο Αμφιπόλεως,,Δευτέρα κλειστά,,,Από 1η Νοεμβρίου 2013 έως 31 Μαρτίου 2014 : 08:00-15:00,Μουσείο, 
Αρχαιολογικό Μουσείο Άμφισσας,Καθημερινά 09.00-16.00.,Κάθε Δευτέρα κλειστό.,,,,Μουσείο, 
Αρχαιολογικό Μουσείο Άνδρου,,Δευτέρα-Πέμπτη: κλειστά,,(1 Απριλίου έως 31 Οκτωβρίου 2013) Τρίτη εως Σάββατο: 09:00-16:00,(31 Δεκεμβρίου 2013 έως 31 Μαρτίου 2014) Παρασκευή-Κυριακή 09:00-16:00,Μουσείο, 
Αρχαιολογικό Μουσείο Αργοστολίου,Το Μουσείο είναι κλειστό από τις 27/1/2014,,,,,Μουσείο, 
Αρχαιολογικό Μουσείο Άργους,,Δευτέρα: κλειστά,,,Από 1η Νοεμβρίου 2013 έως 31η Μαρτίου 2014: 08:00-15:00,Μουσείο, 
Αρχαιολογικό Μουσείο Άρτας,"08:30-16:00 ΔΕΥΤΕΡΑ - ΠΑΡΑΣΚΕΥΗ
08:30-15:00 ΣΑΒΒΑΤΟΚΥΡΙΑΚΑ",,,,,Μουσείο, 
Αρχαιολογικό Μουσείο Αρχαίας (Ρωμαϊκής) Αγοράς Θεσσαλονίκης,"Τρίτη - Παρασκευή, 8:00 π.μ. - 15:00 μ.μ.","Δευτέρα, Σάββατο, Κυριακή: κλειστό",,,,Μουσείο, 
Αρχαιολογικό Μουσείο Αρχαίας Κορίνθου,,"Ελεύθερη είσοδος:
6/3, 25/3, 18/4, 18/5, 5/6, 28/10,
τελευταίο Σαββατοκύριακο Σεπτεμβρίου,
1η Κυριακή του μήνα από 1/11 έως 31/3",,Από 1η Απριλίου έως 31 Οκτωβρίου 2014:  08:00-20:00,Από 1η Νοεμβρίου 2013 έως 31 Μαρτίου 2014: 08:00-15:00,Μουσείο, 
Αρχαιολογικό Μουσείο Ασκληπιείου Επιδαύρου,,,,Από την 1η Απριλίου 2014: 08:00-20:00,Μάρτιος 2014: 08:00-18:00,Μουσείο, 
Αρχαιολογικό Μουσείο Άστρους,,Το Αρχαιολογικό Μουσείο Άστρους θα παραμείνει κλειστό για το κοινό λόγω πρόκλησης βλαβών από το σεισμό της 14ης Φεβρουαρίου 2008.,,,,Μουσείο, 
Αρχαιολογικό Μουσείο Αστυπάλαιας,,,,"Τρίτη - Σάββατο : 08:00 - 20:00
Κυριακή- Δευτέρα : 09:00 - 15:00",Κλειστό,Μουσείο, 
Αρχαιολογικό Μουσείο Αταλάντης,,"8:00 - 15:00 καθημερινά, εκτός Δευτέρας",,,,Μουσείο, 
Αρχαιολογικό Μουσείο Βαθέος Ιθάκης,Τρίτη-Κυριακή 9.00-16.00,Δευτέρα κλειστά,,,,Μουσείο, 
Αρχαιολογικό Μουσείο Βαθέως Σάμου,,Δευτέρα: κλειστό,,(1 Απριλίου έως 31 Οκτωβρίου 2013) Τρίτη-Κυριακή: 09:00-16:00,(1 Νοεμβρίου 2012 εως 30 Απριλίου 2013) Τρίτη-Κυριακή: 08:00-15:00,Μουσείο, 
Αρχαιολογικό Μουσείο Βέροιας,,,,"Δευτέρα κλειστά
Τρίτη-Κυριακή : 9:00 – 17:00","Δευτέρα κλειστά
Τρίτη-Κυριακή: 9:00 – 17:00",Μουσείο, 
Αρχαιολογικό Μουσείο Βραυρώνας,,Δευτέρα: κλειστά,,Τρίτη έως Κυριακή 8:00 - 15:00,Τρίτη έως Κυριακή 8:30 - 15:00,Μουσείο, 
Αρχαιολογικό Μουσείο Δελφών,Καθημερινά: 07.30 έως 20.00  (Τελευταία είσοδος  19.40),,,,,Μουσείο, 
Αρχαιολογικό Μουσείο Δήλου,,,,Από 1η Απριλίου 2014 έως την 31η Οκτωβρίου 2014: 8.00 - 20.00 καθημερινά,,Μουσείο, 
Αρχαιολογικό Μουσείο Δράμας,,,,"Τρίτη έως Κυριακή 08:30-18:00
Δευτέρα κλειστά","Τρίτη έως Κυριακή 08:30-18:00
Δευτέρα κλειστά",Μουσείο, 
Αρχαιολογικό Μουσείο Ελευσίνας,"Τρίτη-Κυριακή:
08.00-15.00",Δευτέρα: κλειστά,,,,Μουσείο, 
Αρχαιολογικό Μουσείο Ηγουμενίτσας,,,,,"Τρίτη ~ Κυριακή: 8.00 ~ 15.00.
Δευτέρα: Κλειστό",Μουσείο, 
Αρχαιολογικό Μουσείο Ήλιδας,,Δευτέρα: κλειστά,,,08:00-15:00,Μουσείο, 
Αρχαιολογικό Μουσείο Ηρακλείου,,"Οι  εργασίες της επανέκθεσης των μινωικών συλλογών ολοκληρώθηκαν και όλες οι αίθουσες του Μουσείου Ηρακλείου είναι πλέον ανοικτές για το κοινό.

Στο πλαίσιο του φετινού εορτασμού το Αρχαιολογικό Μουσείο Ηρακλείου προγραμματίζει σειρά θεματικών ξεναγήσεων, από την Παρασκευή 16 Μαΐου έως και την Κυριακή 18 Μαΐου, στις αίθουσες και τον κήπο του Μουσείου από προσωπικό του Μουσείου και της 13ης Εφορείας Βυζαντινών Αρχαιοτήτων. Την Κυριακή στις 12:00μ θα πραγματοποιηθεί συναυλία από το Κουαρτέτο Εγχόρδων του Δήμου Ηρακλείου, με ελεύθερη είσοδο για το κοινό.
Οι θεματικές ξεναγήσεις θα είναι κυλιόμενες, διάρκειας 20 λεπτών και απευθύνονται σε ομάδες δεκαπέντε ατόμων κατόπιν τηλεφωνικής κράτησης (281027900, 2810279073).

ΑΝΑΛΥΤΙΚΟ ΠΡΟΓΡΑΜΜΑ ΕΚΔΗΛΩΣΕΩΝ

Παρασκευή 16 Μαΐου
10.00-13.00	Τα αντικείμενα του Μουσείου αφηγούνται. Ανοικτή συζήτηση με τους επισκέπτες - ερωτήσεις σε αρχαιολόγους και συντηρητές του μουσείου. 
10.00-13.00	Η ιστορία της πόλης στον κήπο του Μουσείου (13η ΕΒΑ)
10.00-12.00	Συντήρηση και αποκατάσταση ξίφους Μαλίων. Αέναο ταξίδι στο χρόνο
10.00-13.00	Τα ερείπια κάτω από την πόλη. Νεολιθική Κνωσός
10.00-13.00	Η Μινωική διατροφή μέσα από τα αντικείμενα του Μουσείου
10.30-11.30	Η γραφή στη μινωική Κρήτη
12.00-13.00	Η αρχαιολογική σκαπάνη αντικρίζει το θάνατο
13.00-14.00	Η μινωική τέχνη στο έργο του ζωγράφου Χατζηκυριάκου-Γκίκα
19.00-20.00	Μικρά σπίτια στο τοπίο
19.00-20.00	O Ελληνορωμαϊκός κόσμος

Σάββατο 17 Μαΐου
11.00-12.00	Τα ερείπια κάτω από την πόλη. Νεολιθική Κνωσός
11.00-12.00	Η ιστορία της πόλης στον κήπο του Μουσείου (13η ΕΒΑ)
11.30-12.30	Ελληνορωμαϊκός κόσμος
12.00-13.00	Μικρά σπίτια στο τοπίο
18.00-19.00	Η μινωική τέχνη στο έργο του ζωγράφου Χατζηκυριάκου-Γκίκα

Κυριακή 18 Μαΐου (η είσοδος είναι ελεύθερη για το κοινό)
10.00-11.00	Η ιστορία της πόλης στον κήπο του Μουσείου (13η ΕΒΑ)
11.00-12.00	Αθλήματα στη μινωική Κρήτη
11.30-12.30	Η μινωική τέχνη στο έργο του ζωγράφου Χατζηκυριάκου-Γκίκα
12.00    Συναυλία από το Κουαρτέτο Εγχόρδων του Δήμου Ηρακλείου
13.00-13.40	Η γραφή στη μινωική Κρήτη",,"Από 1 Απριλίου έως 31 Οκτωβρίου 2014: 

Δευτέρα  8:00 - 20:00
Τρίτη - Σάββατο:  8:00 - 20:00
Κυριακή και αργίες: 08:00 - 20:00
Στις 18/5 και 25/5, λόγω εκλογών, το ωράριο του μουσείου θα είναι 10:00-17:00.","Από 24 Οκτωβρίου 2013 έως 31 Μαρτίου 2014 

Δευτέρα:  11:00- 17:00
Τρίτη - Κυριακή και αργίες:  08:00-15:00",Μουσείο, 
Αρχαιολογικό Μουσείο Θάσου,,"Ο αρχαιολογικός χώρος της Θάσου είναι ανοιχτός από τις 08:00-18:30
Το αρχαίο θέατρο είναι κλειστό λόγω εργασιών.",,"Τρίτη έως Κυριακή 09:00-16:00
Δευτέρα κλειστά",,Μουσείο, 
Αρχαιολογικό Μουσείο Θεσσαλονίκης,,Σχολικές ομάδες γίνονται δεκτές κατόπιν τηλεφωνικής συνεννόησης.,,Από 1η Απριλίου 2014 έως την 31η Οκτωβρίου 2014: 8.00 - 20.00 καθημερινά,,Μουσείο, 
Αρχαιολογικό Μουσείο Θηβών,,Το Μουσείο παραμένει κλειστό λόγω εργασιών επέκτασης-επανέκθεσης,,,,Μουσείο, 
Αρχαιολογικό Μουσείο Θήρας,,Δευτέρα: κλειστό,,(1 Απριλίου έως 31 Οκτωβρίου 2013) Τρίτη-Κυριακή: 09:00-16:00,(1 Νοεμβρίου 2012 εως 30 Απριλίου 2013) Τρίτη-Κυριακή: 08:00-16:00,Μουσείο, 
Αρχαιολογικό Μουσείο Ίου,,Δευτέρα: κλειστό,,(1 Απριλίου έως 31 Οκτωβρίου 2013) Τρίτη-Κυριακή: 08:00-15:00,(1 Νοεμβρίου 2012 εως 30 Απριλίου 2013) Τρίτη-Κυριακή: 08:00-15:30,Μουσείο, 
Αρχαιολογικό Μουσείο Ισθμίας,,,,Το ίδιο με το χειμερινό,"Δευτέρα: κλειστά
Τρίτη-Κυριακή: 08.30-15.00",Μουσείο, 
Αρχαιολογικό Μουσείο Ιωαννίνων,09.00 - 16.00,Δευτέρα κλειστά,,,,Μουσείο, 
Αρχαιολογικό Μουσείο Καβάλας,,,,"Τρίτη έως Κυριακή 09:00-16:00
Δευτέρα κλειστά","Τρίτη έως Κυριακή 08:00-15:00
Δευτέρα κλειστά",Μουσείο, 
Αρχαιολογικό Μουσείο Καλύμνου,,ΤΡΙΤΗ-ΣΑΒΒΑΤΟ: 09.00-16.00,,,Κλειστό,Μουσείο, 
Αρχαιολογικό Μουσείο Κάμπου Ικαρίας,,Δευτέρα και Τετάρτη: κλειστό,,"(1 Απριλίου έως 31 Οκτωβρίου 2013) Τρίτη, Πέμπτη και Κυριακή: 09:00-16:00",(1 Νοεμβρίου 2012 εως 30 Απριλίου 2013) Τρίτη-Κυριακή: 09:00-15:00,Μουσείο, 
Αρχαιολογικό Μουσείο Καρδίτσας,8:00π.μ. - 15:00μ.μ.,Δευτέρα κλειστά,,,,Μουσείο, 
Αρχαιολογικό Μουσείο Καρπάθου (υπό ίδρυση),,,,,ΚΛΕΙΣΤΟ,Μουσείο, 
Αρχαιολογικό Μουσείο Καρύστου,,,,"Δευτέρα: κλειστό
Τρίτη - Κυριακή : 08:00-15:00","Δευτέρα: κλειστό
Τρίτη - Κυριακή : 08:00-15:00",Μουσείο, 
Αρχαιολογικό Μουσείο Καστελλόριζου,,,,,Από 1η Νοεμβρίου έως 31 Μαρτίου 2010: 08:30-15:00,Μουσείο, 
Αρχαιολογικό Μουσείο Κέας,,,,Από τις 16-5-14 το Μουσείο θα είναι ανοικτό κάθε Κυριακή 08:00-15:00 μέχρι την επικείμενη πρόσληψη εποχικού προσωπικού.,(31 Δεκεμβρίου 2013 έως 31 Μαρτίου 2014) Πέμπτη-Κυριακή  08:00-15:00,Μουσείο, 
Αρχαιολογικό Μουσείο Κεραμεικού,"Δευτέρα-Κυριακή: 
08.00-20.00",,,,,Μουσείο, 
Αρχαιολογικό Μουσείο Κέρκυρας,,Το Μουσείο θα παραμείνει κλειστό για το κοινό από 1η Μαΐου 2012 έως το καλοκαίρι του 2015 λόγω εργασιών ανακαίνισης που θα πραγματοποιηθούν στο πλαίσιο του ενταγμένου στο Ε.Π. Δυτικής Ελλάδας -Πελοποννήσου– Ιονίων Νήσων» έργου «Εκσυγχρονισμός και Επανέκθεση Αρχαιολογικού Μουσείου Κέρκυρας».,,,,Μουσείο, 
Αρχαιολογικό Μουσείο Κιλκίς,Τρίτη - Κυριακή: 08.30 π.μ. - 15.00 μ.μ.,Δευτέρα: κλειστό,,,,Μουσείο, 
Αρχαιολογικό Μουσείο Κιμώλου,,Δευτέρα και Κυριακή: κλειστά,,(1 Απριλίου έως 31 Οκτωβρίου 2013) Τρίτη-Σάββατο: 09:00-16:00,,Μουσείο, 
Αρχαιολογικό Μουσείο Κισάμου,,,,Από 8 Ιουνίου έως 31 Οκτωβρίου 2012 : 9.00 - 16.00,,Μουσείο, 
Αρχαιολογικό Μουσείο Κολώνας Αίγινας,,,,"Από 1η Απριλίου έως 31 Οκτωβρίου 2013: 08:00-15:00
Δευτέρα: κλειστά","Από 1η Νοεμβρίου 2013 έως 31 Μαρτίου 2014: 08:00-15:00
Δευτέρα: κλειστά",Μουσείο, 
Αρχαιολογικό Μουσείο Κομοτηνής,08:00-15:00,,,,,Μουσείο, 
Αρχαιολογικό Μουσείο Κυθήρων,,,,κλειστό λόγω εργασιών επισκευής και επανέκθεσης,κλειστό λόγω εργασιών επισκευής και επανέκθεσης,Μουσείο, 
Αρχαιολογικό Μουσείο Κω,,Κλειστό Προσωρινά,,,,Μουσείο, 
Αρχαιολογικό Μουσείο Λαμίας,,,,,Από 1η Νοεμβρίου έως 31 Μαρτίου 2010: 08:30-15:00,Μουσείο, 
Αρχαιολογικό Μουσείο Λάρισας,,"Από τις 23 Ιανουαρίου 2012, το Αρχαιολογικό  Μουσείο Λάρισας ανέστειλε προσωρινά τη λειτουργία του,",,,,Μουσείο, 
Αρχαιολογικό Μουσείο Λαυρίου,,Δευτέρα κλειστά,,Tuesday - Sunday 8:00 - 15:00,Τρίτη - Κυριακή 10:00 - 15:00,Μουσείο, 
Αρχαιολογικό Μουσείο Λήμνου,,"Λόγω των φθορών που υπέστη το κτήριο από το σεισμό της 24ης Μαΐου 2104, ο δεύτερος όροφος του Μουσείου με τα εκθέματα των ιστορικών χρόνων, θα παραμείνει κλειστός για το κοινό έως ότου αποκατασταθούν οι βλάβες.",,"Από Τρίτη ως Κυριακή: 08:00 -15:00 ως τις 31-10-2014. 
Δευτέρα κλειστά.","Από Τρίτη ως Κυριακή: 08:00 -15:00 ως τις 31-3-2014. 
Δευτέρα κλειστά.",Μουσείο, 
Αρχαιολογικό Μουσείο Λυκόσουρας,,,,,Από 1η Νοεμβρίου έως 31 Μαρτίου 2010: 08:30-15:00,Μουσείο, 
Αρχαιολογικό Μουσείο Μαραθώνα,,Δευτέρα κλειστά,,Τρίτη έως Κυριακή 8:30 - 15:00,Τρίτη έως Κυριακή 8:30 - 15:00,Μουσείο, 
Αρχαιολογικό Μουσείο Μεγάρων,"Τρίτη-Κυριακή:
08.00-15.00",Δευτέρα: κλειστά,,,,Μουσείο, 
Αρχαιολογικό Μουσείο Μεσσηνίας,,,,"Δευτέρα: 13.30 - 20.00 
Καθημερινές, Κυριακές και αργίες:
08.00 - 20.00","Δευτέρα: 13.30 - 20.00 
Καθημερινές, Κυριακές και αργίες:
 08.00 - 20.00",Μουσείο, 
Αρχαιολογικό Μουσείο Μήλου,,Δευτέρα: κλειστό,,"(1 Απριλίου έως 31 Οκτωβρίου 2013) Τρίτη-Σάββατο: 08:00-20:00, Κυριακή: 09:00-16:00",(31 Δεκεμβρίου 2013 έως 31 Μαρτίου 2014) Τρίτη-Κυριακή 08:00-15:00,Μουσείο, 
Αρχαιολογικό Μουσείο Μυκηνών,,,,Από 1η Απριλίου 2014: 8:00-20:00,Από 1η Νοεμβρίου 2013 έως 31η Μαρτίου 2014: 08:00-15:00,Μουσείο, 
Αρχαιολογικό Μουσείο Μυκόνου,,Δευτέρα: κλειστό,,(1 Απριλίου έως 31 Οκτωβρίου 2013) Τρίτη-Κυριακή: 08:00-15:00,,Μουσείο, 
Αρχαιολογικό Μουσείο Μυστρά,,,,Από 1η Απριλίου 2014 έως την 31η Οκτωβρίου 2014: 8.00 - 20.00 καθημερινά,,Μουσείο, 
Αρχαιολογικό Μουσείο Μυτιλήνης,,,,Από Τρίτη ως Κυριακή ανοιχτά: 08:00 - 15:00 ως τις 31-10-2014. Δευτέρα κλειστά.,Από Τρίτη ως Κυριακή ανοιχτά: 08:00 - 15:00 ως τις 31-3-2014. Δευτέρα κλειστά.,Μουσείο, 
Αρχαιολογικό Μουσείο Νάξου,,Δευτέρα: κλειστό,,(1 Απριλίου έως 31 Οκτωβρίου 2013) Τρίτη-Κυριακή: 08:00-15:00,,Μουσείο, 
Αρχαιολογικό Μουσείο Ναυπλίου,,"Κάθε Δευτέρα, το μουσείο είναι κλειστό",,08:00-15:00,"Από 1η Νοεμβρίου 2013 έως 31η Μαρτίου 2014: 08:00-15:00
Κάθε Δευτέρα, το μουσείο είναι κλειστό",Μουσείο, 
Αρχαιολογικό Μουσείο Νεμέας,,,,8:00 - 15:00 ως τις 31-10-2012,,Μουσείο, 
Αρχαιολογικό Μουσείο Νικόπολης,,,,09:00 – 16:00 Δευτέρα έως Παρασκευή,8:00-16:00 Τρίτη έως Κυριακή,Μουσείο, 
Αρχαιολογικό Μουσείο Ολυμπίας,,"Τελευταία είσοδος (όλες τις ημέρες): 

15' πριν τη λήξη του ωραρίου.",,"Από 1 Απριλίου έως 31 Οκτωβρίου 2014:

Δευτέρα - Κυριακή: 08.00 - 20.00",,Μουσείο, 
Αρχαιολογικό Μουσείο Παλαιόπολης,,Δευτέρα-Παρασκευή και Κυριακή: κλειστό,,"(1 Απριλίου έως 31 Οκτωβρίου 2013) Τρίτη, Πέμπτη, Κυριακή: 09:00-16:00",(31 Δεκεμβρίου 2013 έως 31 Μαρτίου 2014) Σάββατο: 09:00-16:00,Μουσείο, 
Αρχαιολογικό Μουσείο Παλαιόπολης,,Η τελευταία προσέλευση γίνεται τριάντα λεπτά πριν τη λήξη του ωραρίου.,,Από 1η Απριλίου 2014 ανοικτό καθημερινά εκτός Δευτέρας: 08.00-16.00.,Ανοικτό καθημερινά εκτός Δευτέρας: 08.00-15.00.,Μουσείο, 
Αρχαιολογικό Μουσείο Πάρου,,Δευτέρα: κλειστό,,(1 Απριλίου έως 31 Οκτωβρίου 2013) Τρίτη-Κυριακή: 08:00-15:00,,Μουσείο, 
Αρχαιολογικό Μουσείο Πατρών,Τρίτη-Κυριακή: 08:00-15:00,Δευτέρα: κλειστό,,,,Μουσείο, 
Αρχαιολογικό Μουσείο Πειραιά,,,,"Από 1η Απριλίου έως 31 Οκτωβρίου 2013: 08:00-15:00
Δευτέρα: κλειστά","Από 1η Iανουαρίου 2013 έως 31 Μαρτίου 2014: 08:00-15:00
Δευτέρα: κλειστά",Μουσείο, 
Αρχαιολογικό Μουσείο Πολυγύρου,,Προσωρινά κλειστό μέχρι το τέλος του 2013 λόγω εργασιών ανακαίνισης και επέκτασής του,,,,Μουσείο, 
Αρχαιολογικό Μουσείο Πόρου,,,,"Από 1η Απριλίου έως 31 Οκτωβρίου 2013
Καθημερινά: 08:00-15:00
Δευτέρα: κλειστά","Από 1η Νοεμβρίου 2013 έως 31 Μαρτίου 2014
Καθημερινά: 08:00-15:00
Δευτέρα: κλειστά",Μουσείο, 
Αρχαιολογικό Μουσείο Πυθαγορείου,,Δευτέρα: κλειστό,,(1 Απριλίου έως 31 Οκτωβρίου 2013) Τρίτη-Κυριακή: 09:00-16:00,,Μουσείο, 
Αρχαιολογικό Μουσείο Ρεθύμνου,,,,,Από 8 Ιουνίου έως 31 Οκτωβρίου 2012: 9:00 - 16:00,Μουσείο, 
Αρχαιολογικό Μουσείο Ρόδου,,"Από 1έως 31 Οκτωβρίου2013:
Δευτέρα : 09:00-16:00
Τρίτη-Παρασκευή: 08:00-20:00
Σάββατο-Κυριακή & Αργίες: 08:00-15:00
Προϊστορική και Επιγραφική Συλλογή: 
Δευτέρα : 09:00-16:00
Τρίτη-Παρασκευή: 08:00-15:00
Σάββατο-Κυριακή & Αργίες: Κλειστό",,Από 1η Απριλίου 2014 έως την 31η Οκτωβρίου 2014: 8.00 - 20.00 καθημερινά,"Από 1η Νοεμβρίου έως 31 Μαρτίου
Τρίτη-Κυριακή: 08:00-15:00
Δευτέρα: Κλειστά",Μουσείο, 
Αρχαιολογικό Μουσείο Σαλαμίνας,,,,"Από 1η Απριλίου έως 31 Οκτωβρίου 2013:
Καθημερινά: 09:00-16:00
Δευτέρα: κλειστά","Από 1η Νοέμβρη 2013 έως 31 Μαρτίου 2014
Καθημερινά: 08:- 15:00
Δευτέρα: κλειστά",Μουσείο, 
Αρχαιολογικό Μουσείο Σαμοθράκης,08:30-15:00,,,,,Μουσείο, 
Αρχαιολογικό Μουσείο Σητείας, 08:30-15:00,Δευτέρα: κλειστό,,,,Μουσείο, 
Αρχαιολογικό Μουσείο Σίφνου,,"Δευτέρα, Πέμπτη, Σάββατο, Κυριακή: κλειστό",,,"(15 Ιανουαρίου έως 15 Οκτωβρίου 2014) Τρίτη,Τετάρτη,Παρασκευή: 08:00-15:00",Μουσείο, 
Αρχαιολογικό Μουσείο Σκύρου,,,,"Δευτέρα: Κλειστό
Τρίτη - Κυριακή: 08:00-15:0","Δευτέρα: Κλειστό
Τρίτη - Κυριακή: 08:00-15:0",Μουσείο, 
Αρχαιολογικό Μουσείο Σπάρτης,,Επαναλειτουργία του Μουσείου από 2 Οκτωβρίου 2008.,,Από 1η Απριλίου 2014 έως 31 Οκτωβρίου 2014: 09:00-16:00,Από 1η Νοεμβρίου έως 31 Μαρτίου 2014: 08:00-15:00,Μουσείο, 
Αρχαιολογικό Μουσείο Σύμης,,,,,Από 1η Νοεμβρίου έως 31 Μαρτίου 2010: 08:30-15:00,Μουσείο, 
Αρχαιολογικό Μουσείο Σύρου,,Δευτέρα: κλειστό. Επιπρόσθετα το Μουσείο θα παραμείνει κλειστό για το κοινό τις παρακάτω ημ/νίες: Τετ. 23-4-14/Παρασκ. 2-5-14/Τρί. 6-5-14/Παρασκ. 9-5-14/ και κατά το διάστημα από Τρίτη 27-5-14 έως Παρασκ. 30-5-14,,(1 Απριλίου έως 31 Οκτωβρίου 2014). Τρίτη-Κυριακή 08:00-15:00,(31 Δεκεμβρίου 2013 έως 31 Μαρτίου 2014). Τρίτη-Κυριακή 08.00:15.00.,Μουσείο, 
Αρχαιολογικό Μουσείο Σχηματαρίου,,,,,Από 1η Νοεμβρίου έως 31 Μαίου 2013: 08:00-15:00,Μουσείο, 
Αρχαιολογικό Μουσείο Τεγέας,,,,"Δευτέρα: κλειστά
Τρίτη-Κυριακή: 08.30-15.00",,Μουσείο, 
Αρχαιολογικό Μουσείο Τήνου,,Δευτέρα: κλειστό,,(1 Απριλίου έως 31 Οκτωβρίου 2013) Τρίτη-Κυριακή: 09:00-16:00,,Μουσείο, 
Αρχαιολογικό Μουσείο Φιλίππων,,,,"Τρίτη έως Κυριακή 09:00-16:00
Δευτέρα κλειστά","Τρίτη έως Κυριακή 08:00-15:00
Δευτέρα κλειστά",Μουσείο, 
Αρχαιολογικό Μουσείο Φλώρινας,,,,,"Δευτέρα: κλειστό
Από 1η Νοεμβρίου έως 31 Μαρτίου 2010: 08:30-15:00",Μουσείο, 
Αρχαιολογικό Μουσείο Χαιρώνειας,,Κλειστό κάθε Δευτέρα,,,Από 1η Νοεμβρίου έως 31 Μαίου 2013: 08:00-15:00,Μουσείο, 
Αρχαιολογικό Μουσείο Χαλκίδας,,,,"Δευτέρα: κλειστό
Τρίτη - Κυριακή : 08:00-15:00","Δευτέρα: κλειστό
Τρίτη - Κυριακή : 08:00-15:00",Μουσείο, 
Αρχαιολογικό Μουσείο Χανίων,,,,"Από 8 Ιουνίου έως 31 Οκτωβρίου 2012: 
9.00 - 16.00",,Μουσείο, 
Αρχαιολογικό Μουσείο Χίου,,,,"Από Τρίτη ως Κυριακή: 08:00 -15:00 ως τις 31-10-2014. 
Δευτέρα κλειστά.","Από Τρίτη ως Κυριακή: 08:00 -15:00 ως τις 31-3-2014. 
Δευτέρα κλειστά.",Μουσείο, 
Αρχαιολογικό Μουσείο Χώρας,08:00-15:00 - ΔΕΥΤΕΡΑ ΚΛΕΙΣΤΑ,,,,,Μουσείο, 
Αρχοντικό Βουβάλη,,,,,,Μουσείο, 
Αρχοντικό Γεωργίου Σβαρτς,,,,,Από 1η Νοεμβρίου έως 31 Μαρτίου 2010: 08:30-15:00,Μουσείο, 
Αρχοντικό Παύλου Κουντουριώτη,,,,,Από 1η Νοεμβρίου έως 31 Μαρτίου 2010: 08:30-15:00,Μουσείο, 
Αρχοντικό Ταβανιώτη,07:30-15:30,,,,,Μουσείο, 
Βυζαντινή και Μεταβυζαντινή Συλλογή Χανίων,,,,"08:00-15:00
εκτός Δευτέρας","08:00-15:00
εκτός Δευτέρας",Μουσείο, 
Βυζαντινή Συλλογή Παλαιού Φρουρίου Κέρκυρας,,,,,Από 1η Νοεμβρίου έως 31 Μαρτίου 2010: 08:30-15:00,Μουσείο, 
Βυζαντινό και Χριστιανικό Μουσείο,,,,Καθημερινά (Δευτέρα-Κυριακή): 08.00-20.00,---,Μουσείο, 
Βυζαντινό Μουσείο Αντιβουνιώτισσας,,,,"08.00 - 16.00
Δευτέρα κλειστά","08:00 - 16:00
Δευτέρα κλειστά",Μουσείο, 
Βυζαντινό Μουσείο Βέροιας,,,,,"Από 1η Νοεμβρίου έως 31 Μαρτίου 2010  
Δευτέρα κλειστό  
Τρίτη-Κυριακή: 08.30-15.00",Μουσείο, 
Βυζαντινό Μουσείο Ιωαννίνων,,,,Από 1η Απριλίου έως 31 Οκτωβρίου  08:30-17:00,Από 1η Νοεμβρίου έως 31 Μαρτίου: 08:30-17:00,Μουσείο, 
Βυζαντινό Μουσείο Καστοριάς,"Το Μουσείο θα παραμείνει κλειστό από την 1η Αυγούστου 2013 μέχρι και το τέλος του 2015
λόγω των εργασιών ανακαίνισης και επανέκθεσης των συλλογών του.

Για τους επισκέψιμους βυζαντινούς ναούς να απευθύνεστε στους αρχαιοφύλακες.
Ωράριο επίσκεψης:08:00-15:00",,,,,Μουσείο, 
Βυζαντινό Μουσείο Φθιώτιδας,,,,,Από 1η Νοεμβρίου έως 31 Μαρτίου 2010: 08:30-15:00,Μουσείο, 
Βυζαντινό Μουσείο Χίου,,,,"Τρίτη -Κυριακή:8.00-15.00
Δευτέρα: Κλειστά","Τρίτη-Κυριακή: 8.30-15.30
Δευτέρα: Κλειστά",Μουσείο, 
Εθνικό Αρχαιολογικό Μουσείο,Δευτέρα - Κυριακή: 08:00 - 20:00,"
",,,,Μουσείο, 
Εκκλησιαστικό Μουσείο Αλεξανδρούπολης,"Τρίτη - Παρασκευή: 09.00-13.00, 
Σάββατο: 10.00-13.00",Επίσκεψη κατόπιν συννενόησης τις ημέρες των αργιών.,,,,Μουσείο, 
Εκκλησιαστικό Μουσείο Ιεράς Μητροπόλεως Μαρωνείας και Κομοτηνής,"Τρίτη, Πέμπτη, Κυριακή : 10.30-13.00,
Τετάρτη, Παρασκευή: 17.00-20.00, 
Σάββατο: 10.00-13.30",Επίσκεψη κατόπιν συννενόησης τις ημέρες των αργιών.,,,,Μουσείο, 
Εκκλησιαστικό Μουσείο Σιάτιστας,,,,,Από 1η Νοεμβρίου έως 31 Μαρτίου 2010: 08:30-15:00,Μουσείο, 
Επιγραφικό Μουσείο,"Δευτέρα: κλειστό
υπόλοιπες μέρες 08:00-15:00",,,,,Μουσείο, 
Ιστορικό Μουσείο Κρήτης,,"
",,,Από 1η Νοεμβρίου έως 31 Μαρτίου 2010: 08:30-15:00,Μουσείο, 
Κέντρο Μελετών Ακροπόλεως,,,,,Από 1η Νοεμβρίου έως 31 Μαρτίου 2010: 08:30-15:00,Μουσείο, 
Κοσμητική Συλλογή Ρόδου,"
",Κλειστή,,,,Μουσείο, 
"Κρύπτη Αγίου Δημητρίου, Θεσσαλονίκη","Δευτέρα: κλειστά 
Τρίτη-Πέμπτη: 08.00-15.00 
Παρασκευή: 08.00-13.30 & 19.00-22.00 
Σάββατο-Κυριακή: 07.30-14.30 ",,,,,Μουσείο, 
"Κτήριο περιοδικών εκθέσεων αρχαιοτήτων ""Παλάτι Ιουστινιάνι""",,κλειστό,,,,Μουσείο, 
Κτίριο Πασά στο Φρούριο Πύλου,"Τρίτη - Κυριακή
08.00 - 15.00",Δευτέρα Κλειστά,,,,Μουσείο, 
Λαογραφικό και Εθνολογικό Μουσείο Μακεδονίας - Θράκης,"Κάθε μέρα εκτός Πέμπτης : 09.00 - 15.30
Τετάρτη :  9.00 - 21.30",,,,,Μουσείο, 
Λαογραφικό Μουσείο Βέροιας,,,,,Από 1η Νοεμβρίου έως 31 Μαρτίου 2010: 08:30-15:00,Μουσείο, 
Μουσειακή συλλογή Νέας Μονής,,Κλειστό κάθε Δευτέρα,,,Από 1η Νοεμβρίου έως 31 Μαρτίου 2010: 08:30-15:00,Μουσείο, 
Μουσείο Αρχαίας Αγοράς Αθηνών,Δευτέρα - Κυριακή 08.00-20.00,,,,,Μουσείο, 
Μουσείο Αρχαίας Μεσσήνης,,Δευτέρα κλειστό,,09:00 - 16:00,9:00-16:00,Μουσείο, 
Μουσείο Ασιατικής Τέχνης,,,,,Από 1η Νοεμβρίου έως 31 Μαρτίου 2010: 08:30-15:00,Μουσείο, 
Μουσείο βασιλικών τάφων Αιγών,,,,Από 1η Απριλίου 2014 έως την 31η Οκτωβρίου 2014: 8.00 - 20.00 καθημερινά,"Δευτέρα κλειστά
Τρίτη-Κυριακή: 9:00 – 17:00",Μουσείο, 
Μουσείο Βυζαντινής και Μεταβυζαντινής τέχνης,,,,,Από 1η Νοεμβρίου έως 31 Μαρτίου 2010: 08:30-15:00,Μουσείο, 
Μουσείο Βυζαντινού Πολιτισμού,Δευτέρα - Κυριακή 08.00-20.00,,,Δευτέρα - Κυριακή 08.00-20.00,Δευτέρα - Κυριακή: 08.00-15.00,Μουσείο, 
Μουσείο Ζακύνθου,,,,,Από τη 15η Φεβρουαρίου 2014 κλειστό.,Μουσείο, 
Μουσείο Ιστορίας των Ολυμπιακών Αγώνων της Αρχαιότητας,,"Τελευταία είσοδος (όλες τις ημέρες): 

15' πριν τη λήξη του ωραρίου.",,,"Από 1 Νοεμβρίου 2013 έως 31 Μαρτίου 2014

Δευτέρα: 10.00 - 17.00
Τρίτη - Παρασκευή: 08.00 - 15.00

Το Μουσείο παραμένει κλειστό τα Σαββατοκύριακα.",Μουσείο, 
Μουσείο Λευκού Πύργου,Δευτέρα - Κυριακή 08.00-20.00,,,Δευτέρα - Κυριακή 08.00-20.00,Τρίτη-Κυριακή: 08.00-15.00,Μουσείο, 
Μουσείο Μονής Αγίας Τριάδας Τζαγκαρόλων,,,,,Από 1η Νοεμβρίου έως 31 Μαρτίου 2010: 08:30-15:00,Μουσείο, 
Μουσείο Μονής Αρκαδίου,,,,,Από 1η Νοεμβρίου έως 31 Μαρτίου 2010: 08:30-15:00,Μουσείο, 
Μουσείο Μονής Γωνιάς,,,,,Από 1η Νοεμβρίου έως 31 Μαρτίου 2010: 08:30-15:00,Μουσείο, 
Μουσείο Μονής Πρέβελης,,,,,Από 1η Νοεμβρίου έως 31 Μαρτίου 2010: 08:30-15:00,Μουσείο, 
Μουσείο Ναυτικής Παράδοσης και Σπογγαλιείας Νέας Κούταλης Λήμνου,"Δευτέρα, Τετάρτη - Κυριακή
 10.00 - 14.00",Τρίτη Κλειστά,,,,Μουσείο, 
Μουσείο Νέας Μονής Χίου,,,,,"Δευτέρα κλειστά
Από 1η Νοεμβρίου έως 31 Μαρτίου 2010: 08:30-15:00",Μουσείο, 
Μουσείο Παλαιάς Μητρόπολης Σερρών,,Επίσκεψη κατόπιν συννενοήσεως με το φύλακα Σερρών κ. Ι. Καμήλαλη (+30 23210 56205).,,,Από 1η Νοεμβρίου έως 31 Μαρτίου 2010: 08:30-15:00,Μουσείο, 
Μουσείο Παύλου και Αλεξάνδρας Κανελλοπούλου,"Από 1/11/2012 έως31/3/ 2013:
08:00-15:00

ΔΕΥΤΕΡΑ: Κλειστά.",,,"Από 1/4/2013 
ΤΡΙΤΗ - ΚΥΡΙΑΚΗ 09.00 - 16.00
ΔΕΥΤΕΡΑ: Κλειστά.","Από 1/11/2012 έως31/3/ 2013:
08:00-15:00

ΔΕΥΤΕΡΑ: Κλειστά.",Μουσείο, 
Μουσείο Προϊστορικής Θήρας,,Τρίτη: κλειστό,,"(1 Απριλίου έως 31 Οκτωβρίου 2013) Δευτέρα, Τετάρτη-Κυριακή: 09:00-16:00","(31 Δεκεμβρίου 2013 έως 31 Μαρτίου 2014) Δευτέρα,Τετάρτη-Κυριακή: 08:00-15:00",Μουσείο, 
Μουσείο Πύργου Λυκούργου Λογοθέτη,,Δευτέρα κλειστά,,"Από 1 Νοεμβρίου 2012 ως 31 Μαρτίου 2013
Τρίτη-Κυριακή: 8:30-15:30",,Μουσείο, 
Μουσείο Πύργου Πικουλάκη,,Δευτέρα κλειστά,,"Από 1η Ιουλίου έως 31 Οκτωβρίου 2012, Τρίτη-Κυριακή: 09:00-16:00","Από 1η Νοεμβρίου 2011 έως 31 Μαρτίου 2012, Τρίτη-Κυριακή: 08:00-15:00",Μουσείο, 
Μουσείο Σπετσών,,,,"Από τις 21-6-2012 έως 31-10-2012
09:00-16:00
Δευτέρα κλειστό.",,Μουσείο, 
Μουσείο Σχηματαρίου,,,,,"Δευτέρα: κλειστά
Από 1η Νοεμβρίου έως 31 Μαρτίου 2010: 08:30-15:00",Μουσείο, 
Μουσείο της Ιστορίας των Aνασκαφών της Ολυμπίας,,"Τελευταία είσοδος (όλες τις ημέρες): 

15' πριν τη λήξη του ωραρίου.",,,"Από 1 Νοεμβρίου 2013 έως 31 Μαρτίου 2014

Δευτέρα: 10.00 - 17.00
Τρίτη - Παρασκευή: 08.00 - 15.00

Το Μουσείο παραμένει κλειστό τα Σαββατοκύριακα",Μουσείο, 
Μουσείο Ύδρευσης Θεσσαλονίκης,,,,,Από 1η Νοεμβρίου έως 31 Μαρτίου 2010: 08:30-15:00,Μουσείο, 
Νέο Αρχαιολογικό Μουσείο Πέλλας,"Δευτέρα: 11:00 – 18:00
Τρίτη - Σάββατο: 8:00 – 20:00
Κυριακή: 9:00 – 17:00",,,,,Μουσείο, 
Νομισματικό Μουσείο,,Λειτουργούν και οι δύο όροφοι του Μουσείου.,,"Δευτέρα: 13:00-20:00
Τρίτη - Κυριακή: 08.00-17.00","Δευτέρα: κλειστά
Τρίτη - Κυριακή: 08.30-16.00",Μουσείο, 
Οικία Ολυμπιονίκη Κ. Τσικλητήρα - Πύλος,"Τρίτη - Κυριακή
8.00 - 15.00",Δευτέρα Κλειστά,,,,Μουσείο, 
Παλάτι Μεγάλου Μαγίστρου,,Οι υπόγειοι χώροι της έκθεσης ΡΟΔΟΣ 2400 ΧΡΟΝΙΑ είναι προσωρινά κλειστοί για λόγους συντήρησης.,,"Από 1-4-2014 ως 31-10-2014
Καθημερινά 08:00 - 20:00
ΕΚΘΕΣΗ ΡΟΔΟΣ 2400 ΧΡΟΝΙΑ
Καθημερινά 08:00 - 15:30
ΕΚΘΕΣΗ ΜΕΣΑΙΩΝΙΚΗΣ ΡΟΔΟΥ
Καθημερινά 08:00 - 20:00","Από 1-11-2013
Τρίτη ως Κυριακή 08:00 - 15:00
Δευτέρα ΚΛΕΙΣΤΑ
ΕΚΘΕΣΗ ΡΟΔΟΣ 2400 ΧΡΟΝΙΑ
ΚΛΕΙΣΤH
ΕΚΘΕΣΗ ΜΕΣΑΙΩΝΙΚΗΣ ΡΟΔΟΥ
ΚΛΕΙΣΤH",Μουσείο, 
Πύργος Μούρτζινων - Μουσείο/ σταθμός ενημέρωσης του Δικτύου Μουσείων Μάνης,Τρίτη - Κυριακή 9:00 - 16:00,,,,,Μουσείο, 
Πύργος Ουρανούπολης,Κλειστό,,,,,Μουσείο, 
"ΣΠΑΠ, Συνεδριακό και Εκθεσιακό Κέντρο Ολυμπίας",,,,,Λειτουργία σε ημέρες και ώρες προγραμματισμένων εκδηλώσεων,Μουσείο, 
Συλλογή Αγίας Αικατερίνης Σιναϊτών,,,,,Από 1η Νοεμβρίου έως 31 Μαρτίου 2010: 08:30-15:00,Μουσείο, 
Συλλογή Αγίου Ματθαίου Σιναϊτών,,,,,Από 1η Νοεμβρίου έως 31 Μαρτίου 2010: 08:30-15:00,Μουσείο, 
Συλλογή έργων Βυζαντινής και Μεταβυζαντινής Τέχνης Κυθήρων,,Δευτέρα κλειστή,,"Από 21-6-2012 έως 31-10-2012:
09:00-16:00",,Μουσείο, 
Συλλογή Μονής Χρυσοπηγής,,,,,Από 1η Νοεμβρίου έως 31 Μαρτίου 2010: 08:30-15:00,Μουσείο, 
